0.0001,5.411943814191209e-9,5.405921882413014e-9,5.653778542030507e-14,-5.704737898491207e-11,-1.7467061950237295e-11,9.21919754523375e-13
0.00010154950161807173,5.7552502913968076e-9,5.748846357888172e-9,6.012633691077754e-14,-6.066619115214462e-11,-1.8575086682068268e-11,9.804018834070144e-13
0.00010312301278878753,6.120334294070266e-9,6.113524126619577e-9,6.394272408885456e-14,-6.451456270560596e-11,-1.9753398788383115e-11,1.0425938229050038e-12
0.00010472090554055411,6.508577261278872e-9,6.501335090518077e-9,6.800142184856443e-14,-6.86070556791731e-11,-2.1006456910708532e-11,1.1087309034213913e-12
0.00010634355766636436,6.921448261495252e-9,6.913746683392147e-9,7.231782728712946e-14,-7.295915583858609e-11,-2.233900251947041e-11,1.1790633833348548e-12
0.00010799135281311972,7.360509551131352e-9,7.352319423296671e-9,7.690830398600987e-14,-7.758733127706278e-11,-2.3756077854674265e-11,1.2538573959299577e-12
0.00010966468057233656,7.827422485653436e-9,7.818712817070412e-9,8.179026387071356e-14,-8.250909472777687e-11,-2.526304500459195e-11,1.3333959563948419e-12
0.00011136393657225811,8.323953805641543e-9,8.314691639400712e-9,8.698223119190479e-14,-8.774306982897074e-11,-2.6865606194637033e-11,1.417980032693854e-12
0.00011308952257139363,8.851982321575314e-9,8.842132610170864e-9,9.250389442960146e-14,-9.33090615924194e-11,-2.8569825363193585e-11,1.5079296843682852e-12
0.00011484184655350708,9.413506022636392e-9,9.403031495352262e-9,9.837620126893885e-14,-9.92281313418623e-11,-3.038215110602385e-11,1.6035852735740024e-12
0.00011662132282407713,1.0010649636421381e-8,9.999510658305322e-9,1.0462144031332927e-13,-1.0552267640494056e-10,-3.230944107606686e-11,1.7053087529354665e-12
0.00011842837210825286,1.064567266816582e-8,1.063382709005784e-8,1.1126329901309296e-13,-1.1221651486016066e-10,-3.435898793093926e-11,1.8134850350926972e-12
0.00012026342165032624,1.1320977949892167e-8,1.1308380948939959e-8,1.1832698658411297e-13,-1.1933497565950678e-10,-3.653854692630747e-11,1.9285234491185816e-12
0.00012212690531474647,1.203912073182509e-8,1.2025724641882993e-8,1.258393064263534e-13,-1.2690499446770668e-10,-3.885636525952581e-11,2.0508592893199254e-12
0.0001240192636886994,1.2802818350467635e-8,1.2788572481737459e-8,1.3382876953752715e-13,-1.3495521558072794e-10,-4.1321213274556414e-11,2.180955462280684e-12
0.00012594094418627645,1.3614960509913595e-8,1.3599810957144911e-8,1.4232570713671533e-13,-1.435161003091343e-10,-4.3942417646229546e-11,2.3193042383786226e-12
0.0001278924011542576,1.4478620215290882e-8,1.4462509653815111e-8,1.513623708282833e-13,-1.526200422363454e-10,-4.6729896669387265e-11,2.4664291144024216e-12
0.00012987409597953363,1.5397065399697437e-8,1.5379932868524024e-8,1.609730595693122e-13,-1.623014897878795e-10,-4.969419778641855e-11,2.622886794316042e-12
0.00013188649719819253,1.6373771288614266e-8,1.6355551959768295e-8,1.7119428177735798e-13,-1.725970765753082e-10,-5.28465374951609e-11,2.7892692956640245e-12
0.00013393008060629663,1.7412433548569982e-8,1.7393058481798562e-8,1.820648376150849e-13,-1.83545760008054e-10,-5.619884378814653e-11,2.966206189588698e-12
0.000136005329372376,1.8516982269797203e-8,1.8496378151716505e-8,1.9362601287793627e-13,-1.9518896869746709e-10,-5.976380128375034e-11,3.1543669829299248e-12
0.00013811273415166475,1.9691596835775666e-8,1.9669685702471795e-8,2.0592171528507827e-13,-2.0757075921083977e-10,-6.355489921997221e-11,3.354463651423861e-12
0.0001402527932021079,2.0940721735911895e-8,2.0917420677945993e-8,2.1899865812885625e-13,-2.207379827684302e-10,-6.758648249242436e-11,3.5672533335809112e-12
0.00014242601250216534,2.2269083381171664e-8,2.2244304229873246e-8,2.329065073726344e-13,-2.347404625141345e-10,-7.187380592960192e-11,3.7935411954381275e-12
0.00014463290587044144,2.3681707986275432e-8,2.365535698013703e-8,2.4769810970663214e-13,-2.496311820305079e-10,-7.643309201076276e-11,4.034183477019519e-12
0.00014687399508716824,2.518394058610072e-8,2.515591801601176e-8,2.6342967884671653e-13,-2.654664858112874e-10,-8.128159224476461e-11,4.290090732032513e-12
0.00014914981001757052,2.6781465258224386e-8,2.6751665090202043e-8,2.8016099037293085e-13,-2.8230629244988817e-10,-8.643765244205536e-11,4.562231273057267e-12
0.00015146088873714368,2.8480326628101416e-8,2.8448636102091196e-8,2.979556503405257e-13,-3.002143213503885e-10,-9.192078212673776e-11,4.851634835260068e-12
0.00015380777765887154,3.028695273822446e-8,3.0253251941452627e-8,3.168812971282994e-13,-3.1925833381869987e-10,-9.775172835128776e-11,5.159396472490462e-12
0.00015619103166241593,3.2208179367769954e-8,3.217234078103369e-8,3.370098809483795e-13,-3.395103894459895e-10,-1.0395255419316025e-10,5.486680700506233e-12
0.00015861121422530797,3.425127589472018e-8,3.421316390989905e-8,3.584179505444965e-13,-3.610471187543112e-10,-1.1054672223022069e-10,5.834725902994278e-12
0.00016106889755617234,3.642397279828496e-8,3.638344320524826e-8,3.81186916274309e-13,-3.8395001313586315e-10,-1.1755918331078177e-10,6.204849017055188e-12
0.00016356466273001553,3.8734490905648764e-8,3.869139034661774e-8,4.054033854592852e-13,-4.0830573318274115e-10,-1.2501647095402955e-10,6.5984505158877985e-12
0.0001660990998256107,4.119157249366655e-8,4.114573788296714e-8,4.3115948803403723e-13,-4.3420643657360837e-10,-1.3294680173794868e-10,7.017019707501089e-12
0.00016867280806501112,4.380451436314507e-8,4.375577227015618e-8,4.585532265424463e-13,-4.6175012675768396e-10,-1.4138018205446252e-10,7.462140369522736e-12
0.0001712863959552255,4.658320301080669e-8,4.653136900376955e-8,4.876888485054276e-13,-4.910410237550976e-10,-1.5034852163562597e-10,7.935496741398816e-12
0.00017394048143208845,4.953815203196382e-8,4.948302998017005e-8,5.186772461862362e-13,-5.22189958476322e-10,-1.5988575428028678e-10,8.438879896668134e-12
0.0001766356920063604,5.268054189536804e-8,5.2621923227086626e-8,5.516363936709615e-13,-5.553147920523794e-10,-1.700279662378662e-10,8.974194519401829e-12
0.00017937266491209117,5.602226224066706e-8,5.5959925154002923e-8,5.86691793681167e-13,-5.905408617620794e-10,-1.8081353273489294e-10,9.543466110456522e-12
0.0001821520472572824,5.957595685844096e-8,5.9509665482139926e-8,6.239769484260542e-13,-6.280014552431094e-10,-1.9228326316067336e-10,1.01488486507855e-11
0.00018497449617688478,6.33550715229326e-8,6.32845750239581e-8,6.636338846286155e-13,-6.678383147809283e-10,-2.0448055546127051e-10,1.0792632750807114e-11
0.00018784067898816562,6.737390485837227e-8,6.729893649287784e-8,7.058136808273038e-13,-7.102021735829339e-10,-2.1745156032576743e-10,1.1477254316649881e-11
0.00019075127334848438,7.164766243126702e-8,7.156793853537467e-8,7.50677092737552e-13,-7.552533260665883e-10,-2.312453557858069e-10,1.2205303766054329e-11
0.00019370696741551158,7.619251427321897e-8,7.610773318978561e-8,7.983951093118581e-13,-8.031622343186154e-10,-2.4591413288880015e-10,1.2979535828795595e-11
0.0001967084600099326,8.102565605181365e-8,8.093549698912584e-8,8.49149640766729e-13,-8.541101730193876e-10,-2.6151339314706656e-10,1.3802879968699817e-11
0.0001997564607806705,8.616537412089982e-8,8.606949593897961e-8,9.031342632750826e-13,-9.082899152718819e-10,-2.781021585096793e-10,1.467845146665116e-11
0.0002028516903726698,9.163111469625833e-8,9.152915461618919e-8,9.605548675360314e-13,-9.659064619294531e-10,-2.9574319465114177e-10,1.5609563206550115e-11
0.0002059948805972802,9.7443557418248e-8,9.733512964963849e-8,1.021630501169665e-12,-1.0271778171810615e-9,-3.1450324842141607e-10,1.6599738208763533e-11
0.00020918677460527997,1.0362469357959945e-7,1.035093878609932e-7,1.0865942717179785e-12,-1.0923358133275794e-9,-3.344533003552917e-10,1.765272295848667e-11
0.00021242812706258083,1.1019790931416568e-7,1.100752893608764e-7,1.15569412534082e-12,-1.1616269878688385e-9,-3.5566883319610164e-10,1.877250157943866e-11
0.00021571970432865498,1.1718807406118713e-7,1.1705767591468768e-7,1.2291939133282115e-12,-1.235313516218791e-9,-3.7823011744926333e-10,1.9963310906474074e-11
0.00021906228463772705,1.2462163463957127e-7,1.244829649121935e-7,1.3073743393222098e-12,-1.3136742035766613e-9,-4.022225150455949e-10,2.1229656514135595e-11
0.00022245665828277353,1.3252671528789054e-7,1.3237924929619638e-7,1.3905340652477565e-12,-1.3970055397055356e-9,-4.277368022627155e-10,2.25763297617627e-11
0.0002259036278023734,1.4093322404835028e-7,1.4077640382811422e-7,1.478990908813795e-12,-1.485622820607813e-9,-4.5486951312574983e-10,2.400842591962684e-11
0.00022940400817045393,1.4987296589695422e-7,1.497061980922487e-7,1.573082962322728e-12,-1.579861341339731e-9,-4.837233045859081e-10,2.5531363444620568e-11
0.0002329586269889765,1.5937976304759163e-7,1.5920241666599178e-7,1.6731700416289317e-12,-1.6800776644763693e-9,-5.144073448578487e-10,2.7150904478432542e-11
0.00023656832468360838,1.6948958288488096e-7,1.693009869102981e-7,1.7796349549853333e-12,-1.7866509690244577e-9,-5.470377263843122e-10,2.8873176645704822e-11
0.00024023395470242607,1.8024067400943342e-7,1.800401148635489e-7,1.8928851043686123e-12,-1.8999844848844233e-9,-5.817379049895485e-10,3.0704696234608123e-11
0.00024395638371769787,1.9167371090985612e-7,1.914604297525544e-7,2.0133539182898543e-12,-2.0205070182867866e-9,-6.18639166882116e-10,3.265239284750809e-11
0.00024773649183079313,2.0383194780841133e-7,2.0360513766700228e-7,2.1415026878237197e-12,-2.148674573971564e-9,-6.578811252728351e-10,3.472363561492309e-11
0.00025157517278026544,2.1676138226190653e-7,2.1652018497827998e-7,2.2778222546228545e-12,-2.284972080245622e-9,-6.996122484856254e-10,3.6926261071921734e-11
0.0002554733341531624,2.3051092913626394e-7,2.3025443212043085e-7,2.422834970758345e-12,-2.429915223441455e-9,-7.439904215580673e-10,3.926860280234382e-11
0.00025943189759960745,2.451326056123855e-7,2.4485983839012816e-7,2.5770966676345577e-12,-2.5840523987144186e-9,-7.911835434549611e-10,4.175952296298005e-11
0.00026345179905070754,2.6068172792262756e-7,2.6039165846420296e-7,2.741198935831617e-12,-2.7479667845556924e-9,-8.413701621528051e-10,4.4408445806845714e-11
0.00026753398893983733,2.772171205615074e-7,2.7690865137751955e-7,2.9157712817449496e-12,-2.922278548865404e-9,-8.947401499963396e-10,4.722539333239682e-11
0.00027167943242735194,2.9480133876137934e-7,2.944733027510579e-7,3.1014837420107956e-12,-3.1076471949278237e-9,-9.514954218802462e-10,5.0221023193377803e-11
0.0002758891096287819,3.135009050739367e-7,3.131520611101201e-7,3.299049319151327e-12,-3.3047740561597357e-9,-1.0118506989711941e-9,5.340666901272122e-11
0.00028016401584656355,3.333865609516637e-7,3.3301558918579296e-7,3.5092269742532165e-12,-3.514404949064611e-9,-1.0760343208572894e-9,5.6794383252871816e-11
0.0002845051618053608,3.545335342800263e-7,3.5413903114939565e-7,3.732824380356309e-12,-3.73733299442415e-9,-1.1442891091950591e-9,6.03969828046243e-11
0.0002889135738910324,3.77021823871422e-7,3.7660229678980675e-7,3.9707012753252706e-12,-3.9744016173938194e-9,-1.2168732861186714e-9,6.42280974668624e-11
0.00029339029439330285,4.0093650199597284e-7,4.004903637075588e-7,4.223772697474938e-12,-4.22650773784561e-9,-1.2940614508829781e-9,6.830222150043049e-11
0.00029793638175219247,4.263680360923512e-7,4.2589359866761717e-7,4.493012657345485e-12,-4.494605163020182e-9,-1.3761456184319176e-9,7.263476845107242e-11
0.00030255291080826706,4.5341263087425764e-7,4.5290809932510944e-7,4.779457826668949e-12,-4.7797081953147895e-9,-1.4634363238178695e-9,7.724212944866482e-11
0.0003072409730567643,4.821725921251719e-7,4.816360576151862e-7,5.0842119233606065e-12,-5.0828954688471635e-9,-1.5562637966461122e-9,8.214173520314284e-11
0.00031200167690565816,5.12756713555889e-7,5.12186146179997e-7,5.4084496258273105e-12,-5.405314029298819e-9,-1.6549792099833484e-9,8.735212193148898e-11
0.0003168361479377226,5.452806881864195e-7,5.446739292927311e-7,5.753421552573934e-12,-5.7481836724618135e-9,-1.7599560084500906e-9,9.289300146489144e-11
0.00032174552917665374,5.798675458063901e-7,5.792222998311314e-7,6.120459004147445e-12,-6.112801557889467e-9,-1.871591320516145e-9,9.878533580123253e-11
0.0003267309813573195,6.166481181665768e-7,6.159619439512709e-7,6.5109793927740275e-12,-6.5005471150918244e-9,-1.9903074603363583e-9,1.0505141638452972e-10
0.00033179368320019275,6.557615336587795e-7,6.550318352168474e-7,6.926491580231542e-12,-6.912887260821048e-9,-2.1165535248016483e-9,1.1171494841103819e-10
0.00033693483169003953,6.97355743352631e-7,6.965797600505056e-7,7.368602179288466e-12,-7.351381947168021e-9,-2.2508070918403413e-9,1.1880114048072354e-10
0.00034215564235892394,7.415880803761987e-7,7.407628764918366e-7,7.839021589201187e-12,-7.817690061440478e-9,-2.3935760263867115e-9,1.263367999327913e-10
0.0003474573495735992,7.886258547531014e-7,7.877483083724207e-7,8.339571149236049e-12,-8.313575700122854e-9,-2.5454004008405247e-9,1.3435043422561094e-10
0.00035284120682735126,8.386469859426154e-7,8.377137771518896e-7,8.872190003236102e-12,-8.840914840629445e-9,-2.7068545372732975e-9,1.428723587442118e-10
0.0003583084870363649,8.918406754715109e-7,8.908482738010874e-7,9.438943091981559e-12,-9.401702436066709e-9,-2.878549179096883e-9,1.519348114426691e-10
0.0003638604828406817,9.484081221975844e-7,9.473527732694695e-7,1.0042029384679517e-11,-9.99805995981772e-9,-3.0611338003983534e-9,1.6157207475453222e-10
0.0003694985069098217,1.0085632829056794e-6,1.0074409942345215e-6,1.0683790412559121e-11,-1.0632243428459164e-8,-3.2552990616652975e-9,1.7182060523211193e-10
0.00037522389225314024,1.0725336811079463e-6,1.0713402070017564e-6,1.1366719929120818e-11,-1.1306651933330652e-8,-3.461779421177567e-9,1.827191714042653e-10
0.0003810379925349944,1.1405612671019115e-6,1.1392920926054515e-6,1.2093473761974547e-11,-1.2023836712993874e-8,-3.6813559119293913e-9,1.943090003736063e-10
0.0003869421823947922,1.2129033325331823e-6,1.2115536563533457e-6,1.286688041395775e-11,-1.2786510800863438e-8,-3.9148590945703455e-9,2.0663393370697108e-10
0.00039293785777200154,1.2898334829151518e-6,1.2883981992638081e-6,1.3689952656646312e-11,-1.3597559284462496e-8,-4.163172197517816e-9,2.197405932081013e-10
0.0003990264362361951,1.37164267177655e-6,1.3701163510622448e-6,1.4565899342900083e-11,-1.4460050215064873e-8,-4.4272344560996745e-9,2.336785571986889e-10
0.0004052093573222089,1.4586403003400106e-6,1.4570171686355553e-6,1.5498138742608807e-11,-1.5377246208941986e-8,-4.7080446633369805e-9,2.485005479737894e-10
0.00041148808287049497,1.5511553868818206e-6,1.549429304090195e-6,1.649031184724348e-11,-1.635261678404191e-8,-5.0066649457747495e-9,2.6426263113946777e-10
0.00041786409737274566,1.6495378101855942e-6,1.647702246821664e-6,1.7546297700404173e-11,-1.738985147870592e-8,-5.324224778617748e-9,2.8102442758578473e-10
0.00042433890832287716,1.754159631781928e-6,1.752207644282254e-6,1.8670228734297572e-11,-1.8492873801978383e-8,-5.661925255330681e-9,2.988493388955016e-10
0.0004309140465734481,1.86541650196275e-6,1.8633407064302117e-6,1.986650760318474e-11,-1.966585606820367e-8,-6.021043627822115e-9,3.1780478704000595e-10
0.000437591066697602,1.983729154874852e-6,1.981521699158898e-6,2.1139825359634543e-11,-2.091323517194368e-8,-6.4029381343512024e-9,3.3796246926731493e-10
0.0004443715473566187,2.1095449983325407e-6,2.107197532339596e-6,2.2495180191858274e-11,-2.223972936279324e-8,-6.809053133381802e-9,3.593986291448171e-10
0.0004512570916731599,2.2433398043460788e-6,2.2408434484679623e-6,2.3937898549283643e-11,-2.3650356083449316e-8,-7.240924562761418e-9,3.8219434478036206e-10
0.0004582493276102989,2.385619506741854e-6,2.382964818282951e-6,2.547365606828859e-11,-2.515045093839541e-8,-7.700185744828771e-9,4.0643583530923987e-10
0.00046534990835642333,2.5369221126534185e-6,2.5340990501298084e-6,2.7108501742173708e-11,-2.6745687864831905e-8,-8.188573559358067e-9,4.322147868049109e-10
0.0004725605127161014,2.697819735091181e-6,2.694817620266887e-6,2.8848882207191783e-11,-2.8442100582016107e-8,-8.707935007633552e-9,4.5962869884319204e-10
0.00047988284550700544,2.86892075425428e-6,2.8657282317712688e-6,3.070166893712791e-11,-3.0246105399998884e-8,-9.260234192422212e-9,4.887812530286371e-10
0.00048731863796298516,3.0508721157326188e-6,3.047477110182099e-6,3.2674185901664764e-11,-3.2164525473868765e-8,-9.847559740179534e-9,5.197827048733242e-10
0.0004948696481433867,3.244361774262102e-6,3.2407514445350326e-6,3.4774240899830003e-11,-3.420461659507018e-8,-1.0472132693488392e-8,5.527503005080613e-10
0.0005025376613487145,3.4501212922436947e-6,3.446281982988124e-6,3.70101571526849e-11,-3.6374094617150835e-8,-1.1136314903503183e-8,5.878087197975289e-10
0.0005103244905427326,3.668928602818945e-6,3.6648457928209203e-6,3.9390808591914633e-11,-3.868116461946477e-8,-1.1842617954053687e-8,6.250905475324485e-10
0.0005182319767811085,3.901610947913528e-6,3.897269195206692e-6,4.1925656620233605e-11,-4.113455191889791e-8,-1.2593712651065619e-8,6.647367744759097e-10
0.0005262619896466969,4.149048002318044e-6,4.1444308858147125e-6,4.4624790076573857e-11,-4.3743535046659364e-8,-1.3392439113082182e-8,7.068973301546272e-10
0.0005344164276915695,4.412175195574799e-6,4.407265252998192e-6,4.7498967280865166e-11,-4.6517980814578384e-8,-1.4241817500934793e-8,7.517316494051635e-10
0.0005426972188858915,4.691987244182416e-6,4.686765906065767e-6,5.055966183208306e-11,-4.946838160322798e-8,-1.514505942701602e-8,7.994092748116077e-10
0.0005511063210737587,4.9895419074207915e-6,4.983989426924256e-6,5.3819110555664914e-11,-5.2605895012562357e-8,-1.61055800871647e-8,8.501104973078813e-10
0.0005596457224360922,5.305963980938344e-6,5.3000593592188334e-6,5.729036581886215e-11,-5.594238602465859e-8,-1.7127011160892898e-8,9.040270373598182e-10
0.0005683174419607086,5.642449543137062e-6,5.636170449989393e-6,6.098735086420607e-11,-5.949047183761117e-8,-1.8213214528573756e-8,9.613627692960916e-10
0.0005771235299196737,6.000270470339619e-6,5.99359315980955e-6,6.492491944999618e-11,-6.32635695396979e-8,-1.9368296857281603e-8,1.0223344915190041e-9
0.0005860660683540517,6.380779237732007e-6,6.37367845838278e-6,6.911891896576984e-11,-6.727594680361554e-8,-2.0596625110243613e-8,1.087172745499555e-9
0.0005951471715661671,6.785414024147579e-6,6.777862923641453e-6,7.358625874233856e-11,-7.154277579197027e-8,-2.1902843038332136e-8,1.156122686642688e-9
0.000604368986619493,7.2157041398983344e-6,7.207674163533174e-6,7.834498305697677e-11,-7.608019047728605e-8,-2.329188871571967e-8,1.229445010307231e-9
0.0006137336938462858,7.673275798071043e-6,7.664736580889286e-6,8.341434894336178e-11,-8.090534759264838e-8,-2.4769013185742334e-8,1.3074169364690512e-9
0.0006232435073630854,8.159858250993806e-6,8.150777503056906e-6,8.881490920302544e-11,-8.603649144276749e-8,-2.6339800287187866e-8,1.3903332567380657e-9
0.0006329006755942033,8.677290314947484e-6,8.667633699343192e-6,9.456860279837662e-11,-9.149302281976334e-8,-2.8010187735658296e-8,1.478507447675203e-9
0.0006427074818033225,9.22752730765156e-6,9.217258310774099e-6,1.0069885015682108e-10,-9.729557228342388e-8,-2.9786489539371595e-8,1.572272854602209e-9
0.000652666244633333,9.81264842460045e-6,9.801728218214477e-6,1.072306557007062e-10,-1.0346607808209556e-7,-3.167541983377584e-8,1.6719839503645109e-9
0.0006627793186545345,0.000010434864581969931,0.000010423251876538368,1.1419071813813209e-10,-1.1002786900782423e-7,-3.3684118224674864e-8,1.7780176737870578e-9
0.0006730490949213312,0.00001109652675556032,0.00001108417764428315,1.216075481538916e-10,-1.1700575249790877e-7,-3.582017673522564e-8,1.8907748528643118e-9
0.0006834780015375551,0.000011800134847099646,0.000011787002640075952,1.2951159506856078e-10,-1.244261083147566e-7,-3.809166845818478e-8,2.0106817180432196e-9
0.0006940685042305439,0.000012548347111203015,0.000012534382159091284,1.379353823012772e-10,-1.3231698815688873e-7,-4.050717802117567e-8,2.138191511293153e-9
0.0007048231069341224,0.00001334399017838229,0.000013329139684894603,1.4691365194821e-10,-1.4070822157623805e-7,-4.307583397954978e-8,2.273786197023444e-9
0.0007157443523806101,0.000014190069711727272,0.00001417427753425098,1.5648352226654242e-10,-1.496315286005591e-7,-4.58073432586344e-8,2.417978281284531e-9
0.0007268348227020046,0.00001508978173724943,0.000015072988174845285,1.666846528666287e-10,-1.5912063948496098e-7,-4.871202777484473e-8,2.5713127460987213e-9
0.000738097140040481,0.000016046524690395263,0.000016028666258373595,1.7755942638230315e-10,-1.6921142204334558e-7,-5.180086337329977e-8,2.7343691061964923e-9
0.0007495339671683493,0.000017063912223911087,0.000017044921414137113,1.8915313891923623e-10,-1.799420170389732e-7,-5.508552122825224e-8,2.9077635958954423e-9
0.0007611480081176202,0.000018145786825083444,0.00001812559185110925,2.015142081669188e-10,-1.9135298214364167e-7,-5.8578411861869185e-8,3.0921514943467234e-9
0.0007729420088193235,0.00001929623429339894,0.000019274758819462695,2.1469439485649848e-10,-2.0348744500709673e-7,-6.229273194669285e-8,3.288229597888797e-9
0.000784918757752735,0.000020519599132877074,0.000020496761985749422,2.2874904072563863e-10,-2.1639126601247693e-7,-6.624251406753235e-8,3.496738848805028e-9
0.0007970810866046622,0.000021820500916739113,0.0000217962157793324,2.4373732518309126e-10,-2.3011321132990865e-7,-7.044267962959749e-8,3.7184671303628925e-9
0.0008094318709389451,0.000023203851685699425,0.000023178026771286848,2.5972254032387885e-10,-2.4470513691897734e-7,-7.49090951114547e-8,3.95425223864045e-9
0.0008219740308763324,0.000024674874445015537,0.000024647412150834704,2.7677238500296176e-10,-2.60222184171841e-7,-7.965863187387772e-8,4.204985042298129e-9
0.0008347105317848905,0.000026239122829523114,0.000026209919368461117,2.949592846563434e-10,-2.767229879323411e-7,-8.47092297489561e-8,4.471612842171797e-9
0.0008476443849811126,0.000027902502010228168,0.00002787144701920308,3.1436073045338254e-10,-2.942698976728639e-7,-9.007996464793703e-8,4.755142943295344e-9
0.000860778648441889,0.00002967129092064536,0.000029638267044211752,3.350596482243884e-10,-3.1292921265990324e-7,-9.579112044126855e-8,5.056646452765119e-9
0.0008741164275275121,0.00003155216588597663,0.000031517048333589874,3.5714479184075563e-10,-3.327714319917175e-7,-1.0186426538027151e-7,5.377262317699828e-9
0.0008876608757158826,0.00003355222574343509,0.00003351488181871046,3.807111686211958e-10,-3.538715204470527e-7,-1.0832233334677408e-7,5.718201618447779e-9
0.00090141519534809,0.00003567901854755405,0.00003563930714775195,4.0586049618360303e-10,-3.7630919114304834e-7,-1.1518971023506695e-7,6.08075213314384e-9
0.000915382638385553,0.000037940569960204175,0.00003789834104406107,4.3270169346622575e-10,-4.001692060633763e-7,-1.2249232578964498e-7,6.466283190735649e-9
0.0009295665071788849,0.00004034541343128352,0.00004030050745319002,4.6135141063065665e-10,-4.255416955842965e-7,-1.3025775124251445e-7,6.876250830671531e-9
0.0009439701552486745,0.00004290262228268502,0.00004285486959108636,4.919345988837557e-10,-4.525224981974583e-7,-1.3851530311543514e-7,7.312203288592411e-9
0.000958596988078367,0.000045621843815190744,0.000045571064012951415,5.245851237899053e-10,-4.81213521703599e-7,-1.4729615357541036e-7,7.775786828572537e-9
0.0009734504639194281,0.000048513335565428554,0.00004845933682976035,5.594464257775253e-10,-5.117231272314313e-7,-1.5663344775607667e-7,8.268751943769345e-9
0.0009885340946089863,0.00005158800384797729,0.000051530582207379166,5.966722339850546e-10,-5.441665375213203e-7,-1.665624284835617e-7,8.792959948685057e-9
0.0010038514464001435,0.000054857444726149516,0.00005479638329164702,6.364273310980849e-10,-5.786662710036224e-7,-1.771205688728474e-7,9.350389987724575e-9
0.0010194061408051501,0.00005833398756394825,0.00005826905571174954,6.788883826491375e-10,-6.153526032979722e-7,-1.8834771328990574e-7,9.943146486276677e-9
0.0010352018554516485,0.00006203074132121725,0.00006196169382372159,7.242448280301896e-10,-6.543640578617879e-7,-2.002862272059031e-7,1.0573467072185109e-8
0.0010512423249521804,0.00006596164376411526,0.00006588821986601701,7.72699842007726e-10,-6.958479276249218e-7,-2.1298115650272417e-7,1.1243730997232234e-8
0.0010675313417871691,0.00007014151377378348,0.00007006343620981004,8.244713721832402e-10,-7.399608295627494e-7,-2.264803968240805e-7,1.1956468090116482e-8
0.0010840727572015841,0.00007458610694747669,0.00007450308089808119,8.797932584900709e-10,-7.86869294282473e-7,-2.4083487360366197e-7,1.2714368274365068e-8
0.0011008704821154976,0.00007931217469853316,0.00007922388667963158,9.389164407706269e-10,-8.36750392827647e-7,-2.560987334412872e-7,1.352029168674877e-8
0.0011179284880487514,0.00008433752707441173,0.00008424364375700868,1.0021102618175808e-9,-8.897924030443112e-7,-2.7232954753995153e-7,1.4377279433956476e-8
0.0011352508080599516,0.00008968109952566901,0.00008958126648095514,1.069663875517023e-9,-9.461955179989903e-7,-2.8958852796122913e-7,1.5288565027677658e-8
0.001152841537700014,0.00009536302387323457,0.00009525686423846185,1.1418877672935499e-9,-1.0061725990949874e-6,-3.079407575038087e-7,1.625758654075546e-8
0.0011707048359804787,0.00010140470373671615,0.0001012918167968623,1.219115394710664e-9,-1.069949976699145e-6,-3.274554340601567e-7,1.728799952971899e-8
0.0011888449263568403,0.00010782889470279587,0.00010770885438271641,1.3017049620386722e-9,-1.1377683012675434e-6,-3.4820613035971246e-7,1.8383690771861617e-8
0.0012072660977271031,0.00011465978953008915,0.0001145321427915235,1.3900413364640867e-9,-1.2098834481455894e-6,-3.702710700635991e-7,1.954879286804095e-8
0.001225972705445816,0.00012192310870523752,0.00012178737384268205,1.4845381212334783e-9,-1.2865674794167163e-6,-3.937334212360505e-7,2.0787699765554026e-8
0.0012449691723538168,0.0001296461966845104,0.00012950186151359627,1.58563989643949e-9,-1.368109666385133e-6,-4.186816082816002e-7,2.2105083258849098e-8
0.0012642599898239333,0.0001378581241759007,0.00013770464410751642,1.6938246379103824e-9,-1.4548175765019988e-6,-4.4520964350487174e-7,2.3505910529472765e-8
0.0012838497188228887,0.00014658979683867298,0.0001464265928316475,1.8096063430985e-9,-1.5470182287828418e-6,-4.734174795218303e-7,2.4995462790404273e-8
0.0013037429909896587,0.00015587407080063228,0.0001557005271853458,1.9335378623651793e-9,-1.6450593220166475e-6,-5.034113838277219e-7,2.657935510407521e-8
0.0013239445097305402,0.00016574587541812234,0.00016556133758293412,2.066213967925926e-9,-1.7493105403356354e-6,-5.353043369081192e-7,2.826355744764916e-8
0.0013444590513311868,0.00017624234372999966,0.0001760461156618749,2.2082746781495805e-9,-1.8601649410000652e-6,-5.692164553654953e-7,3.005441710371368e-8
0.0013652914660858754,0.00018740295108466754,0.00018719429275484745,2.360408848512872e-9,-1.978040429554974e-6,-6.052754416252511e-7,3.1958682459426084e-8
0.0013864466794442712,0.0001992696624487833,0.00019904778703377,2.523358068857918e-9,-2.103381327837395e-6,-6.436170618820035e-7,3.3983528302316485e-8
0.001407929693175962,0.00021188708893756737,0.0002116511598650881,2.6979208799578902e-9,-2.2366600406539895e-6,-6.843856540499429e-7,3.613658270641853e-8
0.0014297455865530358,0.00022530265413985655,0.00022505178194882693,2.8849573426040263e-9,-2.378378827311398e-6,-7.277346675902529e-7,3.8425955608222865e-8
0.0014518995175509843,0.00023956677084626657,0.00023930000984908787,3.085393991884463e-9,-2.5290716845663887e-6,-7.738272372045402e-7,4.0860269178180024e-8
0.001474396724068214,0.00025473302882617364,0.0002544493735609715,3.3002292019444576e-9,-2.689306347971288e-6,-8.228367925060891e-7,4.3448690099919336e-8
0.0014972425251644475,0.00027085839433881514,0.0002705567757984557,3.5305390057761346e-9,-2.859686419023886e-6,-8.749477059113609e-7,4.620096387647297e-8
0.0015204423223183286,0.0002880034221058084,0.0002876827037297081,3.7774834040223054e-9,-3.0408536259913515e-6,-9.303559811324258e-7,4.912745129001875e-8
0.0015440016007044984,0.00030623248051684477,0.00030589145393071927,4.042313210191134e-9,-3.2334902267655576e-6,-9.892699847979639e-7,5.2239167149593846e-8
0.001567925930490468,0.000325613990887517,0.00032525137137529286,4.326377475035207e-9,-3.438321562626602e-6,-1.0519112238860231e-6,5.5547821469571926e-8
0.001592220968153584,0.00034622068163819814,0.0003458351033293274,4.631131538802898e-9,-3.6561187723407706e-6,-1.1185151718171234e-6,5.9065863230357625e-8
0.0016168924578184012,0.0003681298583158596,0.0003677198690702403,4.9581457783049135e-9,-3.887701676603269e-6,-1.1893321462311846e-6,6.280652688237052e-8
0.0016419462326147773,0.0003914236904368369,0.0003909877464084347,5.309115093727768e-9,-4.1339418434559364e-6,-1.264628241657725e-6,6.678388176405593e-8
0.001667388216057011,0.000416189516187999,0.00041572597604709496,5.685869215816217e-9,-4.395765845966734e-6,-1.3446863204855578e-6,7.101288461540494e-8
0.0016932244234443517,0.0004425201660867607,0.00044202728487950535,6.090383893628832e-9,-4.674158724156344e-6,-1.4298070658470272e-6,7.550943537952273e-8
0.0017194609632832077,0.00047051430676706656,0.00046999022938969977,6.524793049082912e-9,-4.97016766389569e-6,-1.520310100253256e-6,8.029043649663873e-8
0.0017461040387313927,0.0005002768061291231,0.0004997195603928193,6.9914019807002446e-9,-5.284905906284612e-6,-1.6165351740513577e-6,8.537385590764609e-8
0.0017731599490647515,0.0005319191211654334,0.0005313266104262454,7.492701714248718e-9,-5.619556901853032e-6,-1.718843428023327e-6,9.077879399738728e-8
0.0018006350911665098,0.0005655597098548771,0.0005649297051816728,8.03138459170631e-9,-5.9753787248097465e-6,-1.827618734709735e-6,9.652555472216785e-8
0.001828535961039702,0.0006013244686003857,0.0006006546004520028,8.610361224791912e-9,-6.353708763500272e-6,-1.943269123320644e-6,1.0263572118099924e-7
0.0018568691553430357,0.0006393471967744673,0.0006386349461555327,9.232778920920678e-9,-6.755968704227481e-6,-2.0662282933920257e-6,1.0913223590576796e-7
0.0018856413729505508,0.0006797700900306956,0.0006790127790936764,9.902041729069805e-9,-7.183669826642639e-6,-2.1969572226592728e-6,1.1603948616257474e-7
0.0019148594165354516,0.0007227442641385872,0.0007219390461976436,1.0621832227599632e-8,-7.638418630029798e-6,-2.335945874951254e-6,1.2338339457417368e-7
0.0019445301941784674,0.0007684303112043157,0.0007675741601244077,1.1396135241296028e-8,-8.12192281099006e-6,-2.4837150142602336e-6,1.31191515392464e-7
0.001974660721001156,0.0008169988902508647,0.0008160885891733211,1.2229263637262132e-8,-8.635997614287499e-6,-2.640818131514997e-6,1.3949313676988975e-7
0.002005258120824496,0.0008686313542485977,0.0008676634836119753,1.3125886396724977e-8,-9.182572579945449e-6,-2.8078434909785823e-6,1.483193893999651e-7
0.002036329627853186,0.0009235204158115006,0.0009224913406240356,1.40910591651883e-8,-9.76369871109387e-6,-2.9854163036096738e-6,1.5770336191953762e-7
0.0020678825883860452,0.000981870853905581,0.000980776710222863,1.5130257521496004e-8,-0.000010381556088559314,-3.1742010351678587e-6,1.6768022348919275e-7
0.002099924462552911,0.0010439002640546002,0.0010427369446132618,1.624941318351662e-8,-0.000011038461959770308,-3.374903857310812e-6,1.7828735399362563e-7
0.002132462826078452,0.0011098398546749016,0.0011086029936301072,1.7454953441064688e-8,-0.000011736879331228799,-3.5882752504254797e-6,1.8956448233017658e-7
0.002165505372073316,0.0011799352923258606,0.001178620249037201,1.875384410718442e-8,-0.000012479426095570477,-3.815112767459144e-6,2.0155383328229666e-7
0.002199059912853022,0.0012544475988259343,0.00125304944063295,2.0153636293222034e-8,-0.000013268884726117956,-4.056263968568773e-6,2.143002835044819e-7
0.0022331343817850466,0.0013336541033568887,0.0013321675872818757,2.1662517378916233e-8,-0.000014108212573820938,-4.31262953699317e-6,2.2785152717705395e-7
0.002267736835164522,0.0014178494528608594,0.0014162690061728157,2.328936653844745e-8,-0.0000150005528035841,-4.585166587170448e-6,2.422582519224622e-7
0.002302875454119005,0.0015073466842271297,0.0015056663837966972,2.5043815262973647e-8,-0.000015949246009215873,-4.8748921767775975e-6,2.575743256102752e-7
0.0023385585465427556,0.0016024783619681827,0.0016006919123391806,2.6936313314580795e-8,-0.000016957842548590115,-5.182887035060394e-6,2.7385699471622675e-7
0.00237479454906099,0.0017035977852983694,0.0017016984953970205,2.8978200633052993e-8,-0.00001803011564311396,-5.5102995205519965e-6,2.9116709493883223e-7
0.0024115920290245694,0.0018110802687538957,0.001809061027152079,3.1181785717343185e-8,-0.000019170075288237058,-5.8583498220499885e-6,3.0956927482101156e-7
0.0024489596865355967,0.0019253245007302985,0.0019231777493741195,3.356043110715587e-8,-0.000020381983024536524,-6.228334417537297e-6,3.2913223316701847e-7
0.00248690635650439,0.002046753984563734,0.0020444716908733607,3.6128646588184534e-8,-0.00002167036762186664,-6.621630806591317e-6,3.499289710924866e-7
0.002525441010738354,0.002175818567046051,0.0021733921942871195,3.890219085993898e-8,-0.00002304004173219627,-7.039702532735845e-6,3.720370595950205e-7
0.002564572760063192,0.0023129960595406752,0.002310416535361582,4.1898182429455525e-8,-0.000024496119570058753,-7.484104513146703e-6,3.9553892358496346e-7
0.002604310856476998,0.002458793957158522,0.0024560516401815986,4.51352205948192e-8,-0.000026044035683039667,-7.956488694134847e-6,4.205221433714764e-7
0.0026446646953377268,0.00261375126175996,0.0026108359061078365,4.863351743736974e-8,-0.00002768956487842014,-8.458610051896243e-6,4.4707977465715757e-7
0.0026856438175845566,0.0027784404148717477,0.002775341132503129,5.241504187438876e-8,-0.00002943884337600021,-8.992332959142779e-6,4.753106881567301e-7
0.0027272579119936727,0.00295346934694703,0.0029501745676686303,5.650367684501735e-8,-0.00003129839126124783,-9.559637939413154e-6,5.053199300196775e-7
0.002769516817469004,0.0031394836497529175,0.0031359810787663913,6.092539088543546e-8,-0.00003327513631727734,-0.00001016262883211248,5.372191043061454e-7
0.0028124305253684548,0.0033371688790442516,0.0033334454518785914,6.570842541952359e-8,-0.00003537643931875543,-0.000010803540392643568,5.711267788374385e-7
0.0028560091818661823,0.0035472529950748254,0.0035432948297458708,7.088349921291742e-8,-0.00003761012087569473,-0.000011484746353378948,6.071689158194268e-7
0.002900263090351476,0.003770508948909074,0.0037663012951384346,7.64840316062593e-8,-0.000039984489920203895,-0.000012208767972679698,6.454793287165707e-7
0.0029452027138648093,0.00400775742292892,0.004003284608244767,8.254638627196564e-8,-0.00004250837393468031,-0.000012978283100701725,6.8620016694157e-7
0.002990838677571637,0.004259869734382579,0.004255115106914339,8.911013739756328e-8,-0.0000451911510256189,-0.000013796135792341618,7.294824300119478e-7
0.0030371817712745246,0.004527770911295519,0.004522716779063518,9.621836040294152e-8,-0.00004804278395322247,-0.000014665346499371556,7.754865129225187e-7
0.003084242951964203,0.004812442950558931,0.004807070517048454,1.039179494642377e-7,-0.00005107385623333186,-0.00001558912287559284,8.24382784579267e-7
0.0031320333464101516,0.005114928268528893,0.005109217564325844,1.122599643695992e-7,-0.00005429561043485714,-0.000016570871230708605,8.763522012465698e-7
0.0031805642537913264,0.0054363333550100845,0.005430263165262576,1.2130000943632336e-7,-0.000057719988802925404,-0.000017614208670580812,9.315869570676579e-7
0.003229847148367634,0.005777832642062444,0.0057713804295189885,1.310986474846639e-7,-0.00006135967634534658,-0.00001872297596359551,9.902911738364179e-7
0.003279893682192834,0.006140672599658227,0.006133814423018873,1.417218521729748e-7,-0.0000652281465277899,-0.000019901251175022043,1.0526816323171293e-6
0.0033307156878694447,0.0065261760708296285,0.006518886498131252,1.5324150224503732e-7,-0.00006933970973123859,-0.000021153364113513082,1.118988547539016e-6
0.0033823251813463505,0.006935746859586515,0.006927998876327546,1.657359216875122e-7,-0.00007370956463391263,-0.000022483911636264648,1.1894563906241885e-6
0.0034347343647597598,0.007370874585547311,0.007362639497240389,1.7929047001685638e-7,-0.00007835385268887554,-0.000023897773861834824,1.2643447598511217e-6
0.003487955629318178,0.007833139819916044,0.007824387148739445,1.939981874687359e-7,-0.00008328971587806392,-0.000025400131342213534,1.3439293037990077e-6
0.003542001558232087,0.008324219518154223,0.00831491689335428,2.0996050022323312e-7,-0.0000885353579334335,-0.000026996483248447803,1.428502699578561e-6
0.003596884929689019,0.008845892765437732,0.008836005807114949,2.272879912990256e-7,-0.00009411010922639978,-0.000028692666626955743,1.5183756893119546e-6
0.0036526187198747287,0.009400046851756431,0.009389539047647402,2.461012432842789e-7,-0.00010003449553771755,-0.000030494876786616916,1.6138781781965692e-6
0.0037092161060411784,0.009988683694307027,0.009977516269152673,2.6653175967609854e-7,-0.00010633031093145693,-0.00003240968887980532,1.715360397666286e-6
0.003766690469622064,0.01061392662564799,0.010602058402715909,2.8872297222959494e-7,-0.00011302069496876893,-0.0000344440807437344,1.8231941373446854e-6
0.0038250553993966112,0.011278027566927798,0.011265414821232686,3.1283134236170443e-7,-0.00012013021450978022,-0.00003660545707182225,1.9377740496863297e-6
0.003884324694702402,0.011983374606364155,0.011969970909105235,3.3902756553095746e-7,-0.0001276849503651065,-0.00003890167498824716,2.059519031395769e-6
0.003944512368697976,0.012732500004040255,0.012718256057748406,3.674978882415927e-7,-0.00013571258907229823,-0.00004134107110246614,2.1888736859332576e-6
0.00400563265167599,0.013528088644994298,0.013512952108854035,3.9844554831960657e-7,-0.00014424252008692415,-0.00004393249012419264,2.3263098716312754e-6
0.004067699994427719,0.014372986963507093,0.014356902268289753,4.32092350038447e-7,-0.0001533059386930158,-0.00004668531512319832,2.4723283401771247e-6
0.004130729071659685,0.015270212362439172,0.015253120514453421,4.6868038684990906e-7,-0.00016293595495327548,-0.00004960949952229452,2.62746047045607e-6
0.00419473478546321,0.01622296315242892,0.016204801525863146,5.084739255945813e-7,-0.00017316770903575492,-0.00005271560091596403,2.792270102993846e-6
0.004259732268837781,0.0172346290367372,0.01721533115373529,5.517614674906644e-7,-0.00018403849327070968,-0.00005601481681137965,2.9673554804998376e-6
0.004325736889268946,0.018308802168501934,0.01828829746627939,5.988580024690389e-7,-0.00019558788130893671,-0.00005951902239289451,3.1533513002743816e-6
0.0043927642523616936,0.01944928880815297,0.019427502392424315,6.501074752595823e-7,-0.00020785786477126782,-0.00006324081041559292,3.3509308845199886e-6
0.0044608302055301145,0.020660121609719872,0.02063697399367063,7.058854830182708e-7,-0.00022089299779783468,-0.00006719353333808442,3.5608084748844573e-6
0.004529950841744236,0.02194557256574298,0.021920979393740322,7.666022265520867e-7,-0.00023474054992540203,-0.00007139134780941291,3.783741657855261e-6
0.004600142503334917,0.023310166641463445,0.02328403839665873,8.327057389450289e-7,-0.00024945066774138743,-0.00007584926162975762,4.020533927926971e-6
0.004671421785857697,0.024758696129913518,0.02473093782484747,9.046854178370151e-7,-0.00026507654578414324,-0.00008058318330946301,4.2720373957784234e-6
0.004743805542016518,0.026296235760446176,0.026266746609723297,9.830758900288063e-7,-0.0002816746071807034,-0.00008560997435586785,4.53915564901604e-6
0.00481731088564824,0.02792815859412547,0.0278968316681783,1.0684612397766514e-6,-0.0002993046945354132,-0.00009094750442238873,4.822846773359405e-6
0.004891955195768905,0.029660152740233814,0.029626874599150234,1.1614796352177647e-6,-0.00031803027160565216,-0.00009661470945931917,5.124126542496168e-6
0.004967756120682688,0.031498238928928904,0.03146288923526621,1.2628283903863115e-6,-0.00033791863632424973,-0.00010263165301081812,5.444071785154642e-6
0.005044731582154524,0.03344878897579034,0.03341124008524901,1.3732695040697353e-6,-0.0003590411457519862,-0.00010901959080754872,5.783823938304358e-6
0.005122899779647383,0.03551854517461566,0.035478661703392984,1.49363572059135e-6,-0.0003814734535678966,-0.00011580103880936779,6.144592795737462e-6
0.005202279194625213,0.03771464065534705,0.03767227902293638,1.6248371616930584e-6,-0.00040529576072974993,-0.00012299984485731024,6.527660461639309e-6
0.005282888594922545,0.04004462074441056,0.03999962869055623,1.767868583544599e-6,-0.0004305930799620115,-0.00013064126409883847,6.934385519115785e-6
0.005364747039181797,0.04251646536501315,0.042468681439473424,1.9238173179996104e-6,-0.00045745551475373796,-0.00013875203835486487,7.36620742398573e-6
0.005447873881359374,0.04513861251504855,0.04508786553875995,2.0938719624612278e-6,-0.00048597855357412797,-0.00014736047960139627,7.824651134525679e-6
0.005532288775301545,0.04791998286017903,0.04786609135635534,2.2793318894687784e-6,-0.0005162633800385297,-0.0001564965577426754,8.31133198817053e-6
0.005618011679391243,0.05087000547937423,0.05081277707301136,2.481617653019226e-6,-0.0005484171997828169,-0.00016619199285641175,8.827960836547674e-6
0.005705062861266869,0.05399864479965714,0.05393787558385257,2.7022823764848742e-6,-0.0005825535848285696,-0.00017648035209498106,9.37634945052452e-6
0.005793462902614208,0.05731642875600798,0.05725190262343959,2.9430242147847608e-6,-0.0006187928362455673,-0.00018739715142925258,9.958416207291466e-6
0.005883232704032601,0.06083447821127165,0.06076596614911609,3.2056999921693503e-6,-0.000657262365941447,-0.00019897996242393878,0.000010576192071791213
0.005974393489976511,0.064564537669465,0.06449179701597064,3.4923401265220138e-6,-0.000698097098430501,-0.0002112685242348867,0.000011231826885085583
0.006066966813773669,0.06851900731404514,0.06844178097490919,3.8051649616449362e-6,-0.0007414398934546197,-0.00022430486101945917,0.000011927595972522725
0.0061609745627209675,0.07271097640043479,0.07262899202306838,4.146602640197445e-6,-0.0007874419903486203,-0.00023813340495102737,0.000012665907084768495
0.0062564389632593165,0.07715425802935255,0.07706722713305279,4.5193086626605616e-6,-0.0008362634750594716,-0.0002528011250273722,0.000013449307684969923
0.006353382586228689,0.08186342532421705,0.08177104238419998,4.92618729126663e-6,-0.0008880737707438666,-0.0002683576618603867,0.000014280492595462139
0.006451828352204591,0.08685384903201729,0.08675579051520257,5.370414972593417e-6,-0.0009430521528806043,-0.0002848554686307852,0.000015162312017519196
0.006551799536917211,0.09214173656251233,0.0920376599128887,5.8554659691971924e-6,-0.0010013882898429463,-0.0003023499583862198,0.00001609777993769824
0.0066533197767545595,0.09774417247536842,0.09763371504670894,6.38514040820875e-6,-0.0010632828098808653,-0.00032089965785425526,0.00001709008293427013
0.006756413074350858,0.10367916041878537,0.1035619383524249,6.963594974196288e-6,-0.0011289478954634084,-0.0003405663679327447,0.000018142589397162735
0.006861103804261541,0.10996566651623402,0.10984127356156789,7.595376495470888e-6,-0.0011986079059264356,-0.0003614153310090866,0.000019258859174618872
0.006967416718726155,0.11662366419002508,0.11649167046533858,8.28545869563117e-6,-0.0012725000293599051,-0.0003835154052463901,0.000020442653659474243
0.007075376953520617,0.12367418040148613,0.12353413109268031,9.039282407929755e-6,-0.0013508749646514355,-0.00040693924595837486,0.000021697946327599605
0.007185010033900093,0.131139343277401,0.13099075727214232,9.862799577955846e-6,-0.001433997634576895,-0.00043176349417577424,0.000023028933740460535
0.0072963418806339915,0.13904243108101372,0.13888479953580418,0.000010762521410066918,-0.0015221479307949638,-0.00045806897248446476,0.00002444004702313029
0.0074093988161344606,0.14740792247315024,0.1472407073107913,0.000011745571046792875,-0.00161562149155804,-0.0004859408881895324,0.000025935963828219484
0.007524207570679851,0.1562615479947848,0.15608418032969587,0.00001281974120599699,-0.0017147305128967021,-0.0005154690438293145,0.000027521620795223668
0.0076407952887346114,0.1656303426865287,0.16544222117537805,0.000013993557240826209,-0.0018198045939671684,-0.0005467480550288511,0.000029202226513529117
0.007759189535367103,0.17554269974291967,0.175343188858036,0.00001527634613005254,-0.001931191617169177,-0.0005798775756427723,0.00003098327499597322
0.007879418302766868,0.18602842507989908,0.185816853302956,0.000016678311954326556,-0.0020492586635445387,-0.0006149625300927742,0.000032870559668100725
0.00800151001686288,0.19711879267233065,0.19689445060583652,0.000018210618464601655,-0.0021743929638517894,-0.0006521133527541542,0.000034870187876411467
0.008125493544044342,0.20884660049468465,0.20860873888886855,0.000019885479405841787,-0.0023070028855780495,-0.0006914462341888134,0.000036988595916605414
0.008251398197985623,0.22124622687192763,0.2209940545646897,0.000021716257320328592,-0.002447518955994314,-0.0007330833739579749,0.0000392325645803388
0.008379253746576953,0.23435368701903933,0.23408636878673544,0.00002371757162171386,-0.0025963949211805686,-0.0007771532396761826,0.00004160923521600433
0.008509090418962499,0.2482066895162695,0.247923343833225,0.000025905416804067948,-0.002754108840742427,-0.0008237908318882465,0.000044126126295877243
0.008640938912687508,0.2628446924330518,0.262544389137853,0.000028297291730362015,-0.002921164217706781,-0.0008731379542616605,0.00004679115047810522
0.008774830400956191,0.27830895877623624,0.27799071664303215,0.00003091234103107294,-0.0030980911628178975,-0.0009253434884885775,0.00004961263214791223
0.008910796540002066,0.29464261089779964,0.29430539511106574,0.0000337715097390295,-0.0032854475921554084,-0.0009805636731821357,0.000052599325417644114
0.009048869476572479,0.3118906834532535,0.3115334029847227,0.00003689771238955469,-0.003483820456656491,-0.0010389623859314823,0.0000557604325599849
0.009189081855529168,0.3301001744544261,0.3297216793411915,0.00004031601792851815,-0.0036938270017444754,-0.0011007114275473592,0.00005910562284288526
0.009331466827566528,0.34932009390890734,0.34891917243204085,0.00004405385189242597,-0.003916116054839857,-0.0011659908073842675,0.00006264505172808118
0.009476058057049498,0.36960150948313286,0.36917688524655606,0.00004814121746005313,-0.004151369338054356,-0.0012349890284657082,0.00006638938038799072
0.009622889729972897,0.3909975885665746,0.39054791747636225,0.000052610937120139226,-0.00440030280283883,-0.0013079033709644163,0.00007034979548763215
0.009771996562044085,0.4135636360507142,0.41308750319551446,0.000057498916858715466,-0.00466366798276758,-0.001384940172398936,0.00007453802916944942
0.009923413806890873,0.4373571270682271,0.43685304350204884,0.00006284443494289994,-0.004942253359989489,-0.0014663151027005884,0.00007896637916922575
0.0100771772643966,0.46243773386498527,0.46190413329423924,0.00006869045756630941,-0.0052368857401559514,-0.0015522534320795895,0.0000836477289804034
0.01023332328916438,0.4888673459000182,0.4883025812774076,0.00007508398382638874,-0.0055484316298400225,-0.001642990289374576,0.00008859556797276073
0.010391888799112495,0.516710082186358,0.5161124222150055,0.00008207642272719418,-0.005877798609586741,-0.0017387709083061455,0.00009382401135815655
0.010552911284202958,0.5460322947987497,0.5453999203508242,0.00008972400514407823,-0.006225936694773062,-0.0018398508587693222,0.00009934781988246912
0.010716428815305361,0.5769025623825428,0.5762335628376194,0.00009808823395044017,-0.006593839675402845,-0.0019464962599933867,0.00010518241910750238
0.010882480053198024,0.6093916724017494,0.6086840419112036,0.00010723637579501695,-0.006982546424810401,-0.0020589839720676936,0.00011134391812984581
0.01105110425770866,0.643572590763479,0.6428242244483932,0.00011724199832900022,-0.007393142165989399,-0.0021776017619786923,0.00011784912756640843
0.01122234129699665,0.679520417350848,0.6787291074421963,0.00012818555702288648,-0.007826759682894202,-0.0023026484399263623,0.0001247155766161328
0.011396231656979144,0.7173123258874649,0.7164757578187495,0.00014015503608061762,-0.008284580462574893,-0.002434433961285518,0.00013196152898728805
0.01157281645090324,0.7570274864440002,0.7561432349080519,0.00015324664835981362,-0.008767835752392794,-0.002573279489150191,0.00013960599745650273
0.011752137429066457,0.798746968781787,0.7978124937651099,0.0001675655996405536,-0.009277807514819715,-0.0027195174119465193,0.00014766875680215436
0.011934236988687855,0.8425536246104862,0.8415662674203441,0.0001832269230578348,-0.00981582926044111,-0.002873491310120882,0.000156170354828189
0.012119158183932093,0.8885319467174239,0.8874889260188227,0.0002003563900239961,-0.01038328673775525,-0.0030355558654072295,0.00016513212116730093
0.012306944736088794,0.9367679028062522,0.9356663106880958,0.00021909150452233638,-0.01098161845618444,-0.0032060767056494312,0.00017457617352234666
0.012497641043909683,0.9873487417633265,0.9861855398553009,0.00023958258825525647,-0.011612316016380249,-0.003385430177603926,0.00018452542097385002
0.012691292194105861,1.0403627699529179,1.0391347856171071,0.00026199396478133037,-0.012276924219415696,-0.0035740030395754727,0.00019500356394800824
0.012887943972007742,1.0958990950288816,1.094603017652745,0.0002865052514826152,-0.012977040923801674,-0.0037721920651464474,0.00020603509040429137
0.01308764287239018,1.1540473346424538,1.1526797120625918,0.0003133127689670432,-0.013714316616451212,-0.003980403548651938,0.00021764526776515283
0.013290436110465315,1.2148972873256776,1.2134545224148006,0.00034263107833778486,-0.014490453660731836,-0.004199052702431037,0.00022986013007095734
0.013496371633045765,1.2785385627401034,1.2770169101927862,0.00037469465765697295,-0.01530720518160841,-0.004428562935253759,0.00024270645980313166
0.013705498129880783,1.3450601684036638,1.3434557317598266,0.00040975972989654223,-0.01616637354457914,-0.0046693650006896905,0.00025621176377638714
0.013917865045168083,1.414550049948257,1.4128587788968499,0.0004481062557147139,-0.01706980838166162,-0.004921896003553402,0.0002704042424565483
0.014133522589244002,1.4870945819201438,1.485312269929248,0.0004900401055240477,-0.018019404114101557,-0.005186598251940892,0.0002853127520167716
0.014352521750454872,1.5627780061189636,1.5609002884424206,0.000535895426532862,-0.01901709691777086,-0.005463917941771996,0.0003009667583979479
0.014574914307212267,1.6416818144832659,1.639704166598025,0.0005860372217581725,-0.020064861073409965,-0.0057543036601823945,0.000317396282593054
0.014800752840235088,1.7238840735762369,1.7218018101088588,0.0006408641594173344,-0.021164704639985186,-0.006058204693581652,0.00033463183632836404
0.01503009074498133,1.809458687809981,1.8072669620151223,0.0007008116326330449,-0.02231866438549718,-0.0063760691257223456,0.0003527043472674394
0.015262982244272465,1.8984745986764835,1.8961684025347043,0.0007663550910248449,-0.023528799905637048,-0.006708341710727256,0.00037164507281792604
0.015499482401113467,1.9909949174346964,1.988569082441585,0.0008380136675217791,-0.024797186856789,-0.00705546150571361,0.00039148550157652295
0.01573964713171147,2.0870759889431523,2.0845251876664608,0.0009163541256264492,-0.026125909226071477,-0.007417859247458281,0.000412257241405244
0.01598353321869612,2.1867663846336916,2.1840851331199715,0.0010019951543939647,-0.027517050557471407,-0.007795954457487731,0.00043399189309246326
0.016231198324544848,2.2901058230025173,2.287288484119525,0.001095612040569669,-0.028972684049726007,-0.00819015226007741,0.0004567209085163584
0.016482701005216104,2.3971240164582666,2.3941648042641788,0.001197941749667366,-0.03049486143853664,-0.008600839897937659,0.0004804754321998956
0.016738100723993853,2.507839443922397,2.5047324291575754,0.0013097884502720769,-0.032085600573072755,-0.009028382930879094,0.0005052861251201824
0.016997457865546614,2.622258049234237,2.618997166035837,0.0014320295185253976,-0.0337468715946538,-0.009473121103522905,0.0005311829696232416
0.01726083375020432,2.740371866181194,2.7369509201252717,0.0015656220626106881,-0.03548058162411994,-0.009935363869197354,0.0005581950542858578
0.017528290648456405,2.86215757186393,2.858570249443801,0.001711610010104375,-0.03728855786389421,-0.010415385558570679,0.0005863503375755857
0.017799891795674563,2.9875749711265804,2.983814850779906,0.001871131804305324,-0.03917252902124454,-0.01091342018337722,0.0006156753891780788
0.018075701407063556,3.116565415943172,3.1126259807435357,0.00204542875911561,-0.041134104961014245,-0.011429655867826172,0.0006461951078981262
0.01835578469284382,3.249050164962814,3.2449248170942853,0.0022358541257127738,-0.04317475449929043,-0.011964228903016356,0.0006779324150958943
0.0186402078736692,3.384928689886521,3.380610767021752,0.0024438829281553057,-0.0452957812543897,-0.012517217422955045,0.0007109079226977203
0.018929038196283637,3.5240769369861047,3.5195597306897763,0.002671122629184253,-0.047498297478435245,-0.013088634704664162,0.0007451395749214625
0.01922234394942047,3.6663455538865044,3.6616223301662716,0.0029193246918478998,-0.049783195801955914,-0.0136784220994117,0.0007806422629890359
0.01952019447994805,3.8115580937225833,3.8066221158488984,0.0031903971071788333,-0.05215111883571334,-0.014286441607395756,0.000817427412259843
0.019822660209265593,3.959509210952301,3.9543537646665152,0.0034864179629965977,-0.05460242658868418,-0.014912468114296326,0.0008555025414179526
0.020129812649953026,4.109962865460443,4.104581286687132,0.0038096501339976658,-0.05713716167918231,-0.015556181315064593,0.0008948707935867327
0.020441724422678866,4.262650554117339,4.257036259291795,0.004162557178632513,-0.05975501233790086,-0.016217157358202845,0.0009355304395244174
0.02075846927337004,4.417269591657985,4.411416110772961,0.004547820533834878,-0.06245527322761274,-0.016894860252663787,0.000977474353393885
0.021080122090647833,4.5734814656065454,4.567382478073473,0.004968358104480225,-0.06523680413481102,-0.0175886330894183,0.0010206894619796288
0.021406758923533914,4.730910292971399,4.724559666380227,0.00542734435047645,-0.0680979866241948,-0.018297689140762238,0.0010651561686779237
0.021738456999430788,4.889141409552907,4.882533241401133,0.005928231980626769,-0.07103667878800791,-0.019021102912587358,0.0011108477540943996
0.022075294742380795,5.04772012590754,5.040848788352759,0.006474775368827077,-0.07405016826933374,-0.019757801238159563,0.0011577297556614303
0.02241735179160809,5.20615068725829,5.19901087492936,0.007071055814755456,-0.07713512379192729,-0.02050655451643328,0.001205759329342221
0.022764709020347888,5.3638954778820285,5.35648225876161,0.00772150877792202,-0.08028754548945964,-0.021265968213579043,0.001254884597221653
0.02311744855496751,5.520374513679851,5.51268338304521,0.00843095322076869,-0.0835027143945172,-0.022034474763157248,0.001305043985589967
0.023475653794383634,5.674965269673925,5.666992207053418,0.009204623203358927,-0.0867751415226197,-0.02281032601817371,0.0013561655590296374
0.023839409429780526,5.827002891989759,5.818744421059045,0.01004820187904571,-0.09009851706911923,-0.023591586426984747,0.001408166356996777
0.02420880146463372,5.975780846377351,5.9672340976817955,0.010967858047270624,-0.0934656603271633,-0.024376127124509612,0.0014609517404577251
0.02458391723504399,6.120552057386422,6.111714833734336,0.011970285426248166,-0.09686847103291253,-0.02516162115025743,0.0015144147573070534
0.024964845430386413,6.2605305938118665,6.251401438136803,0.013062744814638294,-0.10029788294960484,-0.025945540024986807,0.0015684355365271673
0.025351676114279357,6.394893956823328,6.3854722222626075,0.014253109317296828,-0.10374382061435052,-0.026725151938038205,0.0016228807223821861
0.025744500745878418,6.522786027129507,6.513071949010249,0.015549912815682927,-0.10719516028995343,-0.027497521817074516,0.0016776029613221495
0.026143412201500307,6.643320726430969,6.633315495794166,0.016962401868364577,-0.11063969628745039,-0.02825951357058698,0.0017324404557365399
0.026548504796581718,6.755586446098962,6.745292284326462,0.01850059123111457,-0.11406411395192628,-0.029007794810435715,0.001787216600185469
0.0269598743079786,6.858651292284358,6.848071526323096,0.020175323189156172,-0.11745397073250842,-0.029738844376121613,0.0018417397172655911
0.027377617996610832,6.9515691913032125,6.940708328905745,0.021998330895975415,-0.12079368688479696,-0.030448962993542206,0.0018958029117826752
0.027801834630457815,7.033386891951632,7.022250696272152,0.023982305913523717,-0.12406654747719936,-0.031134287407621045,0.001949184063396239
0.028232624507910385,7.1031518921587615,7.091747454959673,0.026140970147328937,-0.12725471748801404,-0.03179080832923876,0.0020016459793096527
0.028670089481484574,7.15992130588497,7.148257118521097,0.02848915236669463,-0.13033927188309252,-0.0324143925309705,0.002052936729884183
0.029114332981902788,7.202771672216633,7.19085769347282,0.031042869494464394,-0.13330024264926205,-0.0330008094117522,0.002102790191171446
0.029565460042548165,7.230809692025164,7.218657411789074,0.033819412842390234,-0.1361166848202503,-0.03354576232605982,0.0021509268192478163
0.030023577324297814,7.243183858203589,7.230806355859782,0.036837439456532756,-0.13876676356260398,-0.03404492493665538,0.0021970546818039596
0.030488793140740825,7.239096923271417,7.226508919606292,0.04011706872189829,-0.1412278643810761,-0.03449398279943287,0.002240870772617543
0.03096121748378715,7.2178191230084705,7.205037024319761,0.04367998435616147,-0.14347672844732054,-0.03488868032225183,0.0022820626342048966
0.031440962049673137,7.178702046776553,7.165743979787142,0.04754954189828822,-0.14548961494275375,-0.03522487315461284,0.0023203103130305836
0.03192814026537014,7.121193014442438,7.10807885052827,0.051750881768546246,-0.14724249212552398,-0.03549858595932815,0.002355288669986306
0.03242286731540226,7.0448497865667585,7.031601153724519,0.056311047941146185,-0.14871125857154777,-0.035706075388592114,0.0023866700663410768
0.03292526016907967,6.9493553991432515,6.935995680047917,0.06125911222884634,-0.14987199568874077,-0.03584389793281026,0.00241412744185184
0.03343543760815389,6.834532877187544,6.821087191625532,0.0666263041295644,-0.15070125215007665,-0.035908982129032554,0.0024373377970499663
0.033953520254901615,6.700359543584618,6.686854713498684,0.07244614612754441,-0.15117636032314036,-0.03589870440497978,0.002455986085740422
0.03447963060064362,6.5469806017056325,6.533445097056424,0.07875459427505722,-0.15127578408039183,-0.03581096759292471,0.002469769516295436
0.035013893034705756,6.374721633506872,6.3611854971477495,0.08559018380411845,-0.15097949654538845,-0.03564428087414928,0.0024784022512275013
0.035556433873828425,6.184099620465549,6.170594370246794,0.09299417943024897,-0.15026938535789783,-0.035397839609115654,0.0024816204836343955
0.036107381392032,5.975832064365333,5.962390570736871,0.10101072991103736,-0.149129681919899,-0.03507160317163215,0.002479187856276758
0.03666686585094486,5.7508437604395874,5.737500097914117,0.10968702631004455,-0.1475474098135479,-0.034666368539140256,0.0024709011741453047
0.037235019530601446,5.510270758766967,5.497060029745067,0.11907346329050028,-0.14551284616488436,-0.03418383699931964,0.0024565963443184432
0.037811976760717445,5.255461043366744,5.242419173019714,0.12922380262221675,-0.14301998817320238,-0.033626670920846195,0.002436154457622539
0.03839787395244969,4.987971464618925,4.975134965782345,0.14019533792816882,-0.14006701535314825,-0.03299853711095787,0.002409507905140307
0.03899284963064804,4.7095604820320744,4.696966189392383,0.15204905952332418,-0.136656736271666,-0.03230413285458344,0.0023766463989860005
0.0395970444666072,4.422176313659182,4.409861086926249,0.16484981800660872,-0.13279700674257466,-0.03154919031238458,0.0023376227412124475
0.040210601311325866,4.1279401482496,4.115940544510339,0.17866648505655358,-0.12850110461828518,-0.03074045456461735,0.0022925581574784544
0.04083366522928123,3.8291241590027454,3.817476075053515,0.19357210965150842,-0.1237880445553701,-0.029885630244563536,0.002241646983627798
0.041466383532726935,3.528124165738957,3.516862451907147,0.20964406768575589,-0.1186828145086131,-0.028993291433795938,0.00218516046420726
0.04210890581652237,3.2274269271289104,3.2165849749243742,0.22696420268313544,-0.11321651432357364,-0.0280727493205138,0.0021234493929419844
0.042761383993501684,2.9295722073439663,2.919181514234796,0.24561895501980216,-0.10742637576495433,-0.027133872084934924,0.002056945297297961
0.04342397233039086,2.6371099522036445,2.6271996678910225,0.2656994767577798,-0.10135564276880753,-0.02618685161020502,0.0019861598437299123
0.04409682748428131,2.352553127518785,2.3431495872909345,0.287301728861667,-0.09505329078916401,-0.025241911965767215,0.0019116821185338826
0.044780108539668545,2.078327014315397,2.069453266383869,0.3105265572233322,-0.08857356498685788,-0.02430895521892683,0.00183417342320544
0.045473977046064984,1.8167160176852049,1.808391352833351,0.3354797435553699,-0.08197531885395226,-0.02339714104890235,0.001754359214919969
0.04617859705619533,1.569809321829581,1.5620488152089722,0.36227202683572474,-0.07532113786104248,-0.022514397917446933,0.0016730178246374145
0.046894135164783905,1.339447004846221,1.3322610813063935,0.3910190905963166,-0.06867623703494599,-0.021666865242957235,0.001590965600050717
0.047620760547942974,1.1271685018667494,1.1205625377473958,0.4218415109515093,-0.062107127187870675,-0.02085826818073799,0.0015090381511756994
0.04835864500317141,0.9341655605757591,0.9281395363625744,0.454864659862667,-0.05568005196934626,-0.020089229275808508,0.001428067426000171
0.049107962989973115,0.7612420525648599,0.7557902721266591,0.49021855773867745,-0.04945920710323859,-0.01935652446289219,0.0013488544156705345
0.049868891671104844,0.6087831685016906,0.6038940616830921,0.5280376690861781,-0.04350476415096648,-0.018652294664656233,0.0012721373866358308
0.050641610954463054,0.4767366135963017,0.4723926396122421,0.5684606345555504,-0.037870733876896094,-0.017963228589290465,0.0011985556643591372
0.05142630353562005,0.3646084094978507,0.3607860787176901,0.611629932389263,-0.032602718648590046,-0.017269737233243116,0.001128609152752357
0.05222315494101896,0.27147577582674515,0.26814580698192975,0.6576914619788211,-0.027735619020608872,-0.01654514600424035,0.0010626139680208434
0.05303235357183815,0.19601928552147688,0.1931469139416381,0.7067940419883216,-0.02329137630809027,-0.015754936204742526,0.0010006547969766705
0.053854090748535303,0.13657604118941938,0.13412149117874123,0.7590888153205213,-0.019276849956046862,-0.014856073721082146,0.0009425348588390066
0.05468856075608168,0.0912149862784133,0.08913411699966954,0.814728553101542,-0.015681945047562835,-0.01379646895821984,0.000887724655351815
0.055535960889897304,0.057834632305597454,0.056079761370947896,0.8738668498604506,-0.01247812034050407,-0.01251461809119672,0.0008353110340129352
0.056396491502497974,0.0342824468163766,0.03280334905235355,0.9366572021993207,-0.009617419516356954,-0.01093948124939681,0.0007839484582117791
0.05727035605086487,0.018493912178116263,0.017238982653462298,1.003251963508787,-0.007032176374886581,-0.00899065791150816,0.0007318147680178744
0.05815776114454846,0.008647852307619544,0.007565412685882401,1.0738011677059724,-0.004635546814389416,-0.0065789230934655595,0.0006765741146695344
0.05905891659451753,0.003333068946982849,0.0023727846642543097,1.1484512155791464,-0.002323014735469148,-0.00360718930897895,0.000615350144857243
0.05997403546276521,0.0017196860312300977,0.0008340489644454115,1.2273434181411507,0.00002499645750935959,0.000028041846235645395,0.0005447128775589295
0.06090333411268367,0.0037269458580918096,0.0028727634850606648,1.3106123924459523,0.0025393022441064774,0.004434678964289935,0.0004606830314598873
0.061847032260219335,0.010177632037503251,0.009317450255951739,1.3983843066342747,0.005356861377487966,0.009722439665243438,0.0003587577947772153
0.06280535302582078,0.02292793127331135,0.022031304943993038,1.4907749725689696,0.00861439788821487,0.015999610584500213,0.00023396214642830177
0.06377852298719154,0.0449605285329869,0.04400504259895279,1.5878877863206466,0.012440803498359257,0.023369148241778794,0.0000809297980120878
0.06476677223286036,0.0804282134974751,0.07940014961815511,1.6898115189887366,0.016948470047539403,0.031924124561164176,-0.00010598241390627585
0.06577033441658135,0.1346354247813536,0.13352996544001747,1.79661796290846,0.022223802708317853,0.04174255114619251,-0.0003325433428482608
0.06678944681257747,0.21394613597816733,0.21276700176926774,1.9083594412110676,0.028317277546669267,0.05288165322902673,-0.0006044569942302696
0.06782435037163952,0.32560844414792384,0.3243668722782898,2.0250661919774737,0.035233526755084496,0.06537170735869717,-0.0009271311954976496
0.0688752897780947,0.4774892771367782,0.476202271838132,2.1467436418508137,0.04292205492000348,0.07920960578889956,-0.00130540553924063
0.06994251350765789,0.6777168624871456,0.6764046824948725,2.273369587937915,0.051269300934512575,0.09435236405367682,-0.0017432405790746828
0.07102627388617908,0.9342339990744744,0.9329168944835222,2.4048913111085537,0.06009285122294816,0.11071084462369231,-0.0022433726017357103
0.07212682714930148,1.254271652416631,1.2529659231319532,2.541222648356647,0.06913866720745963,0.12814402633088648,-0.0028069410669521087
0.07324443350304374,1.643759752198498,1.6424732717266304,2.6822410566656236,0.07808219809452306,0.1464542031499891,-0.0034330989678124273
0.07437935718532088,2.106699971564468,2.105427400406776,2.827784705751238,0.08653419288268878,0.1653835428146351,-0.004118619852703878
0.07553186652841877,2.644533235872477,2.6432512338381886,2.977649642050331,0.09405188717677418,0.18461247069471237,-0.004857518957868122
0.07670223402243641,3.2555421245767273,3.2542049544855423,3.1315870712751623,0.10015600728822593,0.203760361719776,-0.005640709671074293
0.07789073637971122,3.9343344442633166,3.93287043224194,3.2893008116320095,0.10435369698674304,0.22238901670952518,-0.0064557201714018535
0.07909765460024283,4.671458214683475,4.669767584175645,3.4504449742605043,0.10616702906003349,0.24000936282097818,-0.007286498299217347
0.08032327403813039,5.453199226339219,5.451153842221215,3.614621931418625,0.10516622258708974,0.2560917446528041,-0.008113335176943352
0.0815678844690394,6.261609328581889,6.259054861995263,3.7813806362313698,0.10100606875853513,0.2700800572650292,-0.008912939442920705
0.08283178015871409,7.0748059477804635,7.071566889711153,3.9502153602381704,0.09346341026814343,0.28140981074760024,-0.009658693749430798
0.08411525993255098,7.86757051678424,7.86345831960663,4.120564916304078,0.08247287650203365,0.2895300059295812,-0.01032112295407216
0.0854186272462511,8.612255397210985,8.607079803305858,4.291812434488375,0.06815752164860596,0.2939284433202872,-0.01086859873853376
0.08674219025756642,9.279985883745729,9.273569210440343,4.463285756980017,0.050850634028481834,0.2941597873228237,-0.011268297786971615
0.08808626189915827,9.842117014543728,9.83431081545141,4.634258515016502,0.031104881794288233,0.28987537490217913,-0.011487419787966694
0.08945115995258464,10.271875909121412,10.262579044759704,4.8039519456300335,0.009685234057192297,0.28085340755569255,-0.011494657158265443
0.09083720712343386,10.546091687614519,10.535268446271353,4.971537498981921,-0.012457162101938736,0.26702781904661693,-0.011261890484898021
0.09224473111762264,10.646889836927247,10.634586395400637,5.136140277878023,-0.034231696814115094,0.2485137965472089,-0.010766062471356225
0.09367406471887611,10.563209813877634,10.549567072300421,5.29684333980202,-0.05447533669346403,0.2256276829895958,-0.00999115922013122
0.0951255458674087,10.291997521622353,10.277258248407176,5.452692878547764,-0.07203741378843441,0.19889884156723664,-0.008930201968970562
0.09659951773982377,9.838931592494664,9.823439935026844,5.602704287472104,-0.08587693677594103,0.16907106015781104,-0.00758712638045018
0.09809632883025184,9.218566828006937,9.202758632545615,5.745869089846497,-0.09516444303578331,0.1370912544027491,-0.0059784021442520876
0.09961633303274554,8.4538208339217,8.438203903277461,5.881162704216318,-0.09937790603401814,0.10408362963041477,-0.004134225501234077
0.10115988972495166,7.574789801999951,7.559914197135914,6.007552994687221,-0.0983803987750056,0.07130811123532486,-0.002099104345011093
0.10272736385307937,6.616952726577923,6.603372438003465,6.124009538401405,-0.09246658511291096,0.04010276367345961,0.00006834680050927016
0.1043191260181853,5.618903211372557,5.607131883653175,6.229513526040672,-0.08236615126840834,0.011811082867881802,0.0022965727828310784
0.10593555256379536,4.619824510394118,4.610289237265609,6.323068197018379,-0.06919538697458218,-0.01230356739890465,0.004503346072301364
0.1075770256648846,3.6569842514368633,3.649982558812544,6.403709700211397,-0.05435345957629352,-0.031152561361229774,0.006599228137773541
0.10924393341823542,2.763556995355926,2.7592227521131507,6.470518264790111,-0.03936735201501003,-0.04392024300379672,0.008492241502873484
0.11093666993419621,1.9670728402084439,1.9653567389166966,6.522629565057037,-0.025698386505088457,-0.05015883783928293,0.01009367325162112
0.11265563542986148,1.2887295759072925,1.2893988083164194,6.559246169214097,-0.014532669176023385,-0.04987180764281105,0.011324812186483868
0.11440123632369617,0.7436916559678379,0.7463513688555493,6.579648975430535,-0.0065861272976711375,-0.04357654764700928,0.012124286125306343
0.11617388533162591,0.34233779206884063,0.3464738980528503,6.583208559907661,-0.001960168866575047,-0.032337092352097384,0.012455521156115357
0.11797400156461628,0.09222767030544284,0.09726685466556292,6.569396390761214,-0.0000843595194451901,-0.017758089450404534,0.012313703286879685
0.11980201062776397,0.0003659972093264473,0.005744778539861021,6.537795897737422,0.00022386364880599817,-0.0019328889460007517,0.011731501243730524
0.12165834472092364,0.07518727843112986,0.08041843232416263,6.488113429499991,0.0005665318963850235,0.012658713461103038,0.010782727415375707
0.12354344274089364,0.3276107522701854,0.33233312664068126,6.420189174966942,0.0026451913928267623,0.023303721866475446,0.009583095107771706
0.12545775038518533,0.7705622349330902,0.7745598362656327,6.334008169355737,0.007846318758220531,0.02725597336704504,0.008287298195395087
0.12740172025740018,1.4165557966731634,1.4197347278830281,6.229711544485002,0.016793270179934015,0.021973135639117545,0.007081815676871921
0.1293758119742398,2.2732766051028155,2.275594353051594,6.107608210615787,0.028950184409052247,0.005374863962416919,0.006173144252870896
0.1313804922741741,3.337576559997158,3.33892706112981,5.968187166797699,0.04237642172716818,-0.023899433559092857,0.005771591625842011
0.13341623512779305,4.588817036210641,4.588885954026651,5.812130620623883,0.05372548650905807,-0.06625952864502493,0.006071310291823864
0.1354835218498686,5.982962069564001,5.98107806304376,5.6403280483995415,0.05855513570810372,-0.12098919751963325,0.007227883234947025
0.13758284121315287,7.449110850115301,7.444127871670058,5.453891235064773,0.05196456123096161,-0.18615623594674072,0.00933543084249821
0.13971468956393973,8.890131112802134,8.880381144310602,5.254170192788195,0.029504784876928546,-0.2586334392736955,0.012405807486922958
0.1418795709394169,10.18861985053202,10.171972316883991,5.042769662850181,-0.011769155723111761,-0.33424855360735717,0.016352887595724636
0.14407799718683642,11.218551595244408,11.192603193071584,4.821565655161434,-0.07230398403068533,-0.4080689848416835,0.02098508030732118
0.1463104880845318,11.861758727816454,11.824155397504214,4.5927211756718656,-0.14935034583095622,-0.47481078439732427,0.026008934793986024
0.14857757146481024,12.027024516680223,11.975887856003215,4.358699941735968,-0.23678947258279331,-0.5293423051524979,0.031045903765906477
0.15087978333874916,11.668366748666255,11.602764972304714,4.122276503731703,-0.3256410024004435,-0.5672330356819028,0.03566297116921349
0.15321766802292625,10.798414547212841,10.718790102469566,3.8865408002161694,-0.40527709291458697,-0.5852804783654714,0.03941595601776732
0.15559177826811324,9.492971817116318,9.401422257169347,3.654894804416752,-0.4651951979285823,-0.5819362606141705,0.04190202494820119
0.15800267538996424,7.884118253709315,7.784431807849814,3.431038611109347,-0.4970249307985013,-0.5575509773165258,0.042815560136240285
0.16045092940172836,6.141477166703045,6.038854760357142,3.218943111713596,-0.49631342105866194,-0.5143691747424475,0.041999444685018844
0.16293711914901932,4.444215546637257,4.344666770242529,3.022806364167376,-0.4636002591638455,-0.4562336735923698,0.03948254953157942
0.16546183244667284,2.9492614111733744,2.85873602823337,2.8469909376886635,-0.40439472735405635,-0.38800192652789767,0.03549426646421191
0.16802566621772516,1.7632510033258044,1.686645404215231,2.695939953582423,-0.3279099418893064,-0.314732679012265,0.030448781556247067
0.1706292266345446,0.9259956602435212,0.8662347226654356,2.574070296344208,-0.24475186347622782,-0.24076108355537967,0.024895652219088786
0.17327312926215022,0.41123589989090037,0.3686528712867776,2.485642563665419,-0.16412115719343956,-0.16883278811773933,0.0194390008505483
0.17595799920375074,0.1461771442579941,0.11838009204834316,2.4346087654742488,-0.09134650247561213,-0.09949771640407651,0.014634640564717775
0.1786844712485395,0.04560346360740334,0.0279214822205493,2.424440545376317,-0.026612681649359666,-0.030957342739511617,0.010881536553192505
0.18145319002177854,0.05080678710078985,0.03726585533201653,2.4579427186491345,0.034499013381077366,0.04049609591694268,0.008329545998678635
0.1842648101372088,0.16012399275147218,0.1447448399147728,2.537059091249582,0.0985679326134342,0.11941685542058894,0.006827500306410422
0.18711999635182167,0.43832942204966857,0.4164170540979882,2.6626796903650494,0.17059058994225734,0.20963645598531802,0.005932691173168227
0.1900194237230289,0.9973438849412034,0.9664019052567773,2.8344605025486276,0.25017799996881623,0.3124703822431846,0.004993690662398278
0.1929637777682678,1.9499879872515984,1.9099747861695187,3.0506683509265873,0.3292573455971637,0.42512563249857266,0.003303436273550977
0.1959537546270795,3.3493303066190436,3.3021756196820706,3.3080644023470214,0.3926225680625879,0.5398055035809566,0.0003006208530574846
0.1989900612256984,5.134702782077222,5.0832697898230546,3.6018397403465716,0.4218445536512556,0.643962945825675,-0.004221535761506808
0.20207341544419255,7.107627190580797,7.054541293428259,3.925615270818755,0.4017645164584668,0.7219649569163649,-0.009953804428864801
0.2052045462861931,8.95414894318004,8.90100854792792,4.271515818943591,0.3274695085623656,0.7581048344987941,-0.016014204049957185
0.2083841940512544,10.314937491872147,10.262296372937797,4.630324613825066,0.20886609902109823,0.7404894412715939,-0.02104062265838174
0.2116131105098844,10.885392853204026,10.833563430958396,4.991719569991839,0.07026406529768336,0.6649338609214944,-0.023447386237663598
0.21489205908128697,10.512392787710308,10.462681806181136,5.344587155307823,-0.056027141749327165,0.5377453739616008,-0.021816270716080957
0.21822181501385918,9.250210489312082,9.205868884425273,5.677403642792587,-0.14054722561027755,0.3762997183242842,-0.015343159244836866
0.22160316556848442,7.3501722789636785,7.316332065456972,5.978667783615521,-0.16791767139280528,0.20668501980113146,-0.004220932537893412
0.22503691020466632,5.1846054076404435,5.166886906295528,6.237364105489405,-0.14322609686547466,0.0584000369396455,0.010176494718162241
0.22852386076954626,3.1354226773986724,3.1376083272341067,6.443432836080434,-0.08960316146874811,-0.0429897738924722,0.025420839443141007
0.23206484168985037,1.496299299433554,1.51814332751258,6.588221468734264,-0.036858901080282155,-0.08346020970952216,0.03851070290167921
0.23566069016681018,0.43205760415048133,0.46849830019562383,6.664894584466632,-0.006044372021226068,-0.06610090572837972,0.04664642038514183
0.23931225637410397,0.007587876945233241,0.05007231975860501,6.668782712218223,0.0016777788119469543,-0.012467178287996279,0.04811991432100257
0.24302040365886468,0.2551190950901823,0.2945671879304439,6.597657279445407,0.0041767092905806765,0.04158617196328125,0.04304885757503351
0.24678600874580323,1.2187735985917596,1.2485076383889928,6.451926109382981,0.023761211266933927,0.055325594156433414,0.033661204772067646
0.2506099619444941,2.9236327758780445,2.9402292734777795,6.234751048982,0.06602787777869709,-0.004303670085886103,0.023915112496488807
0.25449316735987304,5.268170602232499,5.269220198966394,5.952094479921416,0.10601359410698354,-0.15064783373066246,0.018425879736862057
0.2584365431059963,7.908515134133826,7.888448899981392,5.612703012986904,0.09433261816957643,-0.37008524753072447,0.020928958064927432
0.26244102152311233,10.242243593431128,10.189467182832743,5.22803334978863,-0.014955949886534212,-0.6229061841443777,0.03275479778160559
0.26650754939809695,11.565852506090591,11.464749858608199,4.812116734996474,-0.22876332440539557,-0.8533212819516257,0.05191809186477747
0.27063708818830384,11.373430463891554,11.212367408701503,4.381345507813245,-0.4957029880951267,-1.0062503865464274,0.07333226799515129
0.27483061424888383,9.64326373042125,9.42532218637899,3.9541504074238314,-0.721669502377058,-1.0453759468654888,0.09031379489961161
0.2790891190636267,6.9164341818416,6.66593314373389,3.5505243999537934,-0.8172331639646065,-0.9653791260737125,0.09701213717424535
0.28341360947937977,4.067896358918864,3.826038973186842,3.1913428482835364,-0.7488575963371834,-0.7925019938698482,0.09088172672449407
0.2878051079440983,1.8719561313093602,1.68052003081278,2.897436013619276,-0.5572559981265469,-0.5718634314901758,0.07406555090365743
0.2922646527485852,0.6362919904053059,0.5166870106315186,2.688392262407747,-0.3255862059338137,-0.3461131194229559,0.05280935054218249
0.29679329827197626,0.16983007620702298,0.11034566181651002,2.581110500400384,-0.11831530589417785,-0.13539824780312792,0.034810988278035804
0.301392115231029,0.11979293170608768,0.08106255097910071,2.5881758684271765,0.06045597957101683,0.06999655172369396,0.02548355604105358
0.3060621909332744,0.40696340542014675,0.34439290933131134,2.7161964071986806,0.2505354381920786,0.2977616926504052,0.024959416420563037
0.3108046295340914,1.3612718872116705,1.2504946858980224,2.9642983477708955,0.4706569254112982,0.5660558563039879,0.027705767764405843
0.3156205522977639,3.3729428126479486,3.220717745722202,3.323018819145839,0.6644125605659092,0.8550996958668433,0.025553097355610534
0.32051109786258475,6.309779056000617,6.143242015255657,3.773841699011941,0.7190756603546992,1.0976163572095412,0.013038612298693714
0.325477422510065,9.242694536732614,9.087606338674322,4.289583426021236,0.558817810453591,1.2012165627583404,-0.007825728730880652
0.3305207004383166,10.84645355457152,10.714398141696657,4.835747299534663,0.23498891218558668,1.0978600265380258,-0.026707513315469493
0.33564212403967036,10.264148688167122,10.158927868172292,5.372835093185024,-0.0826444595756941,0.7948844174268498,-0.029713419931832217
0.3408429041825954,7.739051205475233,7.671299523604503,5.859454238082466,-0.22970267263930158,0.39271094793454125,-0.008060780928472707
0.34612427049798744,4.447523269937103,4.436052902525592,6.255917923421925,-0.18198035789231873,0.04698140633105688,0.034318191593171114
0.3514874716698927,1.687882408467521,1.7410773886753215,6.527938160815369,-0.06257356327509653,-0.11437355128443517,0.07998406708158637
0.35693377573073715,0.1998600097215439,0.2969994758314512,6.649985787688667,-0.0006071731812614028,-0.07367558861919171,0.10653048680409156
0.36246447036112944,0.187221417236352,0.285158794995087,6.607947401744421,0.007220286691447476,0.051447945305212524,0.10080061907696519
0.3680808631943103,1.7311592205544015,1.7928236522519037,6.400833948220308,0.05814970975880642,0.07024959606060717,0.06974526332887036
0.37378428212531856,4.771763857724277,4.781215455281432,6.04145103571608,0.15646174336797358,-0.15842428124943142,0.038856508602877905
0.3795760756249482,8.495915922361899,8.437300546622483,5.556073467686492,0.12564810856570088,-0.6195843355528657,0.036318857405738196
0.38545761305856996,11.10508038129871,10.936638057597582,4.98322554069784,-0.20706913409973107,-1.131276225332962,0.07198919928497244
0.39143028500989324,10.88170442577594,10.560854354817025,4.371630552631883,-0.7367928709980252,-1.4506305981530623,0.1269953240511034
0.3974955036097443,7.827205348268773,7.383372856254371,3.7772798354456154,-1.0955626673848577,-1.4304155122777251,0.1648237287850013
0.4036547028699397,3.908412601137936,3.473085113108405,3.2594562527083513,-1.0166193703736335,-1.1091782556766554,0.15877184982394027
0.40990933902233206,1.2501037325338284,0.9682386418467396,2.875534464235426,-0.6140167850271978,-0.657848558875871,0.11472127796170102
0.4162608908631103,0.2949037723281685,0.18371883613383644,2.6745654745981406,-0.19100408733588584,-0.223073256645961,0.06763261616528385
0.42271086010243397,0.2620918384280775,0.18424078377808273,2.6900666786351852,0.15985608648821956,0.18891789543581908,0.050572272627209765
0.4292607717194862,1.0903716790298186,0.8975665956956055,2.933002351905625,0.5597105919214684,0.6631787112919769,0.062404722867953774
0.4359121743230268,3.6842788598277534,3.3687210377979646,3.386458668335006,0.940064446098616,1.1952643308707782,0.06779960734639305
0.4426666405175338,7.7420705978821,7.412594067953703,4.003730973184672,0.9428122511095863,1.5766926784096533,0.03611696651613171
0.44952576727501675,10.625608722718145,10.36722177628352,4.711226244279043,0.4331261453134868,1.5234247346258045,-0.016797354520314653
0.4564911763125925,9.810992121123249,9.640236706246192,5.4166797130861735,-0.14651949739931558,0.9773537558363523,-0.033348128454479375
0.46356451447591085,5.920872477075378,5.861187638569789,6.02187735969681,-0.28963405794377833,0.26476660681251674,0.026873764772052146
0.4707474541285215,1.9513118690110758,2.038010269233561,6.437780308969904,-0.09994011324817971,-0.13670468577564437,0.13102145915824276
0.47804169354727444,0.0789634364473243,0.26089287752892987,6.599160209361226,0.004796155592827091,-0.06574076299104989,0.19098888951089582
0.48544895732384696,0.8304974985268927,0.9764589797005679,6.475920494336396,0.03764456711994366,0.11331194155636724,0.1543420981845181
0.49297099677249234,4.231954693532509,4.26052131676227,6.079175393590416,0.20028867659230914,-0.134226962897476,0.07291526892401129
0.5006095903441065,8.916316945463207,8.790076792289641,5.461450378193169,0.13474842459500488,-0.9066759387044676,0.05583611314036735
0.5083665440467108,11.12424557273182,10.739517936235629,4.711403690383759,-0.5694987174704312,-1.689749898422989,0.1414316452371918
0.5162436918724498,8.434221976788624,7.765535599019025,3.9437798022065205,-1.3231073106272115,-1.8708991472282939,0.2401314160079791
0.5242428962312068,3.6150292724780737,2.956738289443199,3.28498113448837,-1.2390901646008246,-1.371772066385331,0.23841784280609235
0.5323660483909354,0.8367231874874019,0.5294685298421201,2.8543982839942568,-0.5481040930315657,-0.6209027894223925,0.1464883772321227
0.5406150689248176,0.32846630690342404,0.2329319965693784,2.74239658087153,0.0651372151159709,0.07355130500083926,0.08501782598411393
0.5489919081653472,1.1866397493056633,0.8816184083900152,2.9879959905573896,0.6910593508781074,0.8232061228505719,0.10898362583487632
0.5574985466654522,4.702943307941532,4.1559273425794725,3.562008379658932,1.2500998300964359,1.645880073633991,0.12210281857160613
0.5661369956667598,9.48939780246235,9.004843259445426,4.362836160433949,0.9202346181069458,2.0010932734093525,0.03912144867007182
0.5749092975751189,10.12791622727516,9.836634060388999,5.230376891113537,-0.05067035816092779,1.3866728502492058,-0.037218416222668485
0.5838175264434902,5.616633349057808,5.542940158845838,5.978091744861128,-0.35235505605389367,0.292243988968351,0.053784830869707145
0.5928637884623185,1.1204631000853176,1.3175422110466402,6.43624515932416,-0.060957047686194775,-0.19460222179638562,0.24397493571683868
0.6020502224575035,0.1786165571701732,0.453178282745837,6.494243528645458,0.01857395999569697,0.06701870740731046,0.2841842911052961
0.6113790003960871,3.2990642368753043,3.3808152435135295,6.12989513335908,0.21333357571123823,-0.033733543939257135,0.13737806068448577
0.6208523278997752,8.828092397580502,8.627688007214099,5.4182688424148715,0.16671750744025868,-1.1168177186933803,0.07578682408539147
0.6304724447664183,10.56946927029029,9.893815096026245,4.5192901422074,-0.9634641867105791,-2.1749335909636898,0.2339909557767061
0.6402416254995703,5.91680324988514,4.903971991704351,3.647209300209087,-1.6673271300739105,-2.0311588316676583,0.35550762349006637
0.6501621798462549,1.439465655638594,0.8807865444105005,3.025631679489648,-0.8799205514672063,-0.9996259454927828,0.24441244330000828
0.6602364533430631,0.4646307479619501,0.3575567352448485,2.83235672718245,0.053777898568646405,0.05762007172130106,0.12506861445838147
0.6704668278707133,1.7532419869439395,1.2322736103536045,3.1432161957600266,0.9753315480473462,1.1758738438060508,0.17845405530155403
0.6808557222172043,6.7311597779337555,5.9152304611966215,3.8927632373883125,1.4937566283666013,2.2282271332536894,0.1639927458163659
0.6914055926496939,10.380387935398394,9.855444216490472,4.874034540528247,0.3714322602435953,2.0286578354013023,-0.008972121364832674
0.7021189334952394,6.456107935345914,6.2946859297608855,5.790292826199715,-0.44273331573910196,0.547920535749343,0.042627116238781515
0.7129982777305361,1.0679419807118646,1.3534223096659903,6.3484883617334695,-0.06939262788426621,-0.23060586837230107,0.35345227680443747
0.7240461975807944,0.5458019041475336,0.8938180998428994,6.360604870449875,0.04792446917267902,0.13807150419345948,0.3757090603751815
0.7352653051278957,5.445455480372263,5.405320396936318,5.812598365264056,0.37202440920032065,-0.4402487390896729,0.11866166377521141
0.7466582529279725,10.407549777497618,9.776113000478878,4.87608863098846,-0.48414598009174425,-2.135842095577088,0.19820101892153674
0.7582277346385575,7.020195397833163,5.6956826762600254,3.861535866385888,-1.8992252336880784,-2.5040808243709365,0.45772870925116266
0.7699764856554507,1.6459004701022608,0.9312508744526549,3.125972486352209,-1.022319474585131,-1.1955457736768274,0.3263237517316502
0.7819072837594538,0.6555544419966561,0.5366441582752729,2.9532633337387235,0.22230555917794823,0.27480773837965106,0.1693802064323186
0.7940229497731273,3.240957977681989,2.2988407194548635,3.435850805801359,1.4849520046274527,1.8492161487244487,0.2788138007453407
0.8063263482277229,9.255868160573408,8.310402725228704,4.407584215458463,1.1988818782810189,2.6524807956936347,0.11921365420361017
0.8188203880404501,8.004252424808575,7.639891321828079,5.481076877138434,-0.44148944141138813,1.138731430489889,-0.006955391761356071
0.8315080232022382,1.561114312463815,1.870285375204266,6.200387831276309,-0.13880216756768,-0.254275413904322,0.42967813952859496
0.8443922534761532,0.6731798595059781,1.1185052695031223,6.246346677819298,0.07055415628890033,0.16241410851382335,0.4992387256007254
0.8574761251066386,6.56101305184391,6.380592194971051,5.589362010910905,0.4322264609583214,-0.8267988280865798,0.12391249083821464
0.8707627315397447,9.859666677599753,8.65924353797748,4.513923820167914,-1.2776283581257357,-2.808829477791148,0.38227681187484686
0.8842552141545187,3.8496587645562452,2.3685092949151496,3.507681655222945,-1.86140841189389,-2.1868982763594524,0.5499428606128269
0.8979567630057267,0.7918495034039782,0.7213180291135242,3.0558774481312,-0.14802417208493743,-0.22013197175394394,0.23075674471771052
0.9118706175780851,2.5854239087966486,1.5923470520850502,3.4061241887336196,1.4211597716826705,1.7788330538961683,0.35008412459817445
0.9260000675521782,8.911995349470804,7.7131493986539,4.405582670796795,1.3539760124725617,2.914460328643177,0.190885595773855
0.9403484535822445,6.951954033654457,6.604174718784614,5.533422344557481,-0.5719986710584914,0.9328638323152311,0.05211780894573316
0.954919168086014,0.6506714814233073,1.2267210651002807,6.166795809233431,-0.03750671662392394,-0.2552572290183813,0.6854803656261805
0.9697156560467839,2.4591740967639613,2.7312668641184805,5.942771119348176,0.2949084732589612,0.11367287088974978,0.42987118841749694
0.9847414158279238,9.23776276150644,8.50623008601735,4.982778561091988,-0.24576654732470682,-2.2049732175794574,0.22709547250760914
1.,5.924678481173994,3.93738279496303,3.8402918166620497,-2.3228529997579686,-2.9191662174054978,0.7020181686437854
