0.,4.638543248731035e-17,4.5735774607312273e-14,-1.95774709754711e-15
0.,5.0092212890804324e-17,4.9390662856037364e-14,-2.1141968656982217e-15
0.,5.40952102898045e-17,5.333762400325012e-14,-2.283149003085183e-15
0.,5.841809587143743e-17,5.759999832152027e-14,-2.4656026089934636e-15
0.,6.308643240892732e-17,6.220299135951779e-14,-2.6626366243707107e-15
0.,6.812782541640943e-17,6.717382288708678e-14,-2.875416229850869e-15
0.,7.357208638187017e-17,7.254188774453313e-14,-3.105199656955254e-15
0.,7.94514090472826e-17,7.833893000145007e-14,-3.3533457546207767e-15
0.,8.58005597754426e-17,8.459923023351219e-14,-3.621321951486682e-15
0.,9.265708311938215e-17,9.135980859091319e-14,-3.910712864396694e-15
0.,1.0006152383090937e-16,9.866064354497198e-14,-4.223229854109564e-15
0.,1.0805766660280924e-16,1.065449083633797e-13,-4.560720947153255e-15
0.,1.166927949651638e-16,1.1505922630907663e-13,-4.9251819216660606e-15
0.,1.2601797087609193e-16,1.242539464110354e-13,-5.3187680090500945e-15
0.,1.3608833664947688e-16,1.341834412301239e-13,-5.7438066629836174e-15
0.,1.469634410055068e-16,1.4490642839518634e-13,-6.202811315140201e-15
0.,1.5870759118752149e-16,1.5648631757907505e-13,-6.698496248719164e-15
0.,1.713902331971891e-16,1.6899158582012464e-13,-7.23379269726225e-15
0.,1.8508636242911203e-16,1.8249618216846472e-13,-7.811866186087459e-15
0.,1.9987696710278673e-16,1.9707996511232521e-13,-8.43613503708356e-15
0.,2.1584950713629599e-16,2.1282917472999085e-13,-9.11029087278068e-15
0.,2.330984312896779e-16,2.298369426726854e-13,-9.838320193182382e-15
0.,2.517257356109721e-16,2.482038429048113e-13,-1.0624528262025421e-14
0.,2.718415665221352e-16,2.680384864834567e-13,-1.1473564205339687e-14
0.,2.9356487209653033e-16,2.8945816342027403e-13,-1.239044869172468e-14
0.,3.1702410535676537e-16,3.125895369210991e-13,-1.3380603770287919e-14
0.,3.4235798378061443e-16,3.37569391689894e-13,-1.4449884543156283e-14
0.,3.6971630949412105e-16,3.6454544318617e-13,-1.560461408152677e-14
0.,3.992608550148064e-16,3.9367721101732066e-13,-1.6851620867587157e-14
0.,4.3116631972328543e-16,4.251369619607089e-13,-1.8198278845279942e-14
0.,4.656213628060644e-16,4.591107290166965e-13,-1.965255128096087e-14
0.,5.028297187325042e-16,4.957994110205933e-13,-2.122303808838945e-14
0.,5.430114017929909e-16,5.354199610760884e-13,-2.2919025884958493e-14
0.,5.864040069810894e-16,5.782066686188108e-13,-2.4750543796884462e-14
0.,6.332641147295429e-16,6.244125458953983e-13,-2.672842225218624e-14
0.,6.838688079604714e-16,6.743108231725045e-13,-2.886435713776069e-14
0.,7.385173102604299e-16,7.281965644866497e-13,-3.117097893554953e-14
0.,7.97532755036326e-16,7.863884130876175e-13,-3.36619275502142e-14
0.,8.612640959543035e-16,8.492304741928596e-13,-3.635193277407593e-14
0.,9.300881700809729e-16,9.17094351162952e-13,-3.925690141754953e-14
0.,1.004411925781189e-15,9.903813421650145e-13,-4.239401153829027e-14
0.,1.0846748287160112e-15,1.0695248124706967e-12,-4.578181378492565e-14
0.,1.1713514600299624e-15,1.1549927580367516e-12,-4.944034121992211e-14
0.,1.2649543220791498e-15,1.2472905719033187e-12,-5.3391227987046096e-14
0.,1.3660368684283668e-15,1.3469640329136879e-12,-5.765783646569759e-14
0.,1.4751967758136542e-15,1.4546025325057819e-12,-6.226539646134025e-14
0.,1.5930794776279086e-15,1.5708425600577081e-12,-6.724115367815642e-14
0.,1.7203819796450605e-15,1.6963714667176568e-12,-7.261453084014635e-14
0.,1.8578569805974583e-15,1.83193152837962e-12,-7.841730222692179e-14
0.,2.0063173220097517e-15,1.9783243354504586e-12,-8.468378061098771e-14
0.,2.166640793434966e-15,2.136415532882693e-12,-9.145102130997613e-14
0.,2.3397753218595467e-15,2.307139937387433e-12,-9.875904016658305e-14
0.,2.5267445751907482e-15,2.491507065682118e-12,-1.066510512924169e-13
0.,2.7286540139514117e-15,2.6906071030930823e-12,-1.1517372112852628e-13
0.,2.9466974262215862e-15,2.9056173492192215e-12,-1.2437744567228851e-13
0.,3.182163984472284e-15,3.1378091795822973e-12,-1.3431664818795556e-13
0.,3.43644586648975e-15,3.3885555618583374e-12,-1.4505010051337627e-13
0.,3.711046484780778e-15,3.659339174919785e-12,-1.566412705694816e-13
0.,4.007589373864462e-15,3.95176117332313e-12,-1.691586982563976e-13
0.,4.327827786835744e-15,4.267550655720081e-12,-1.8267640050296191e-13
0.,4.6736550593231546e-15,4.6085748882286734e-12,-1.9727430828012295e-13
0.,5.047115800826656e-15,4.9768503436937805e-12,-2.130387405679812e-13
0.,5.4504179801388374e-15,5.374554623441223e-12,-2.300629118352137e-13
0.,5.885945976528913e-15,5.804039334009645e-12,-2.4844748792164555e-13
0.,6.356274672905703e-15,6.267843988246832e-12,-2.683011759392232e-13
0.,6.8641846752385304e-15,6.768711021844862e-12,-2.89741371163037e-13
0.,7.412678747440522e-15,7.30960200558864e-12,-3.1289484856591683e-13
0.,8.004999559124232e-15,7.893715156242576e-12,-3.3789851371929295e-13
0.,8.644648850909646e-15,8.524504242662694e-12,-3.64900211413924e-13
0.,9.335408130754476e-15,9.2056990089238e-12,-3.9405960067944043e-13
0.,1.0081361023210704e-14,9.941327219346207e-12,-4.2554909736689143e-13
0.,1.0886917403813883e-14,1.0735738476500127e-11,-4.595548945347125e-13
0.,1.1756839461535639e-14,1.1593629930788778e-11,-4.962780638185302e-13
0.,1.2696269842125644e-14,1.2520074054127995e-11,-5.359357428354614e-13
0.,1.3710762039629579e-14,1.3520548625343583e-11,-5.787624189029674e-13
0.,1.4806313215586172e-14,1.460096911152029e-11,-6.25011316961692e-13
0.,1.5989399639404468e-14,1.576772364580681e-11,-6.749558948396856e-13
0.,1.7267014957890904e-14,1.7027710785682126e-11,-7.288914601493339e-13
0.,1.8646711522602373e-14,1.8388380297036215e-11,-7.871369181541456e-13
0.,2.0136645017469212e-14,1.9857777194235824e-11,-8.500366550536401e-13
0.,2.1745622650144125e-14,2.1444589299069883e-11,-9.179625731170315e-13
0.,2.348315519141476e-14,2.315819859779041e-11,-9.913162927996005e-13
0.,2.535951317099503e-14,2.500873670084409e-11,-1.0705315229699386e-12
0.,2.738578756080856e-14,2.7007144735968442e-11,-1.1560766263312922e-12
0.,2.9573955304282806e-14,2.9165238022495544e-11,-1.2484573898362192e-12
0.,3.193695007761624e-14,3.1495775915914905e-11,-1.348220013849856e-12
0.,3.4488738701675676e-14,3.401253722648463e-11,-1.455954337178112e-12
0.,3.724440365447845e-14,3.6730401668985465e-11,-1.5722973295615432e-12
0.,4.0220232175295124e-14,3.9665437818167084e-11,-1.6979368531923082e-12
0.,4.343381247691501e-14,4.283499807779131e-11,-1.8336157314709632e-12
0.,4.6904137647484524e-14,4.6257821261496574e-11,-1.9801361377728116e-12
0.,5.065171784087812e-14,4.995414333978683e-11,-2.1383643357685667e-12
0.,5.4698701426906376e-14,5.3945817055899005e-11,-2.3092358048244784e-12
0.,5.906900581595033e-14,5.825644107910103e-11,-2.4937607632139006e-12
0.,6.378845872258129e-14,6.291149948877209e-11,-2.6930301485580852e-12
0.,6.888495071039483e-14,6.79385123891173e-11,-2.9082220519661823e-12
0.,7.43885999114947e-14,7.336719856178816e-11,-3.140608695389484e-12
0.,8.033192989994566e-14,7.922965110588364e-11,-3.391563946378792e-12
0.,8.67500617483074e-14,8.556052710536217e-11,-3.6625714292456885e-12
0.,9.368092144101894e-14,9.239725245589499e-11,-3.95523330760374e-12
0.,1.0116546381025767e-13,9.978024303371053e-11,-4.271279746256318e-12
0.,1.0924791437362732e-13,1.0775314354784215e-10,-4.612579141187009e-12
0.,1.1797603045238857e-13,1.1636308545629426e-10,-4.981149149801856e-12
0.,1.2740138313961695e-13,1.2566096548286246e-10,-5.3791686326154625e-12
0.,1.3757966176735881e-13,1.357017463784584e-10,-5.808990515662841e-12
0.,1.4857100266728858e-13,1.4654478171245953e-10,-6.273155703228207e-12
0.,1.604403441712167e-13,1.5825416658405252e-10,-6.774408087510176e-12
0.,1.732578099335714e-13,1.7089911634907165e-10,-7.315710769629853e-12
0.,1.8709912284084548e-13,1.8455437560355944e-10,-7.900263569052823e-12
0.,2.0204605194124328e-13,1.9930065980574733e-10,-8.531521925326075e-12
0.,2.1818689503285495e-13,2.1522513217780857e-10,-9.213217318165998e-12
0.,2.356169997568478e-13,2.3242191868894236e-10,-9.949379330546957e-12
0.,2.5443932624428466e-13,2.509926641540306e-10,-1.0744359429758496e-11
0.,2.747650546675501e-13,2.710471327408719e-10,-1.160285670278582e-11
0.,2.9671424122610704e-13,2.927038564321896e-10,-1.2529945618630954e-11
0.,3.2041652647234865e-13,3.160908352413452e-10,-1.353110598713866e-11
0.,3.4601190011883824e-13,3.4134629336615007e-10,-1.461225536790934e-11
0.,3.736515268402271e-13,3.686194956861033e-10,-1.577978400547764e-11
0.,4.0349863792818675e-13,3.9807162948074396e-10,-1.7040592583054307e-11
0.,4.3572949406554574e-13,4.298767564977276e-10,-1.8402132997885713e-11
0.,4.705344248079985e-13,4.642228410700974e-10,-1.9872452392116893e-11
0.,5.08118950998207e-13,5.013128602724892e-10,-2.1460240649257283e-11
0.,5.487049966654473e-13,5.413660027353275e-10,-2.3174881772799703e-11
0.,5.925321974678821e-13,5.846189631258473e-10,-2.5026509274684972e-11
0.,6.398593134728968e-13,6.313273399704424e-10,-2.7026066081938443e-11
0.,6.909657545725201e-13,6.817671450572492e-10,-2.918536908215905e-11
0.,7.461532273950655e-13,7.362364333108484e-10,-3.151717900497852e-11
0.,8.057475135109046e-13,7.950570627317931e-10,-3.4035275741443496e-11
0.,8.701003893181238e-13,8.58576594850398e-10,-3.675453973214335e-11
0.,9.3959169888347e-13,9.271703468132793e-10,-3.969103982167179e-11
0.,1.0146315919165786e-12,1.0012436072281321e-9,-4.2862128175631804e-11
0.,1.0956629400823055e-12,1.0812340288666163e-9,-4.628654273591824e-11
0.,1.183163945697426e-12,1.1676142122878848e-9,-4.998451784170566e-11
0.,1.2776509581896425e-12,1.2608944956142747e-9,-5.397790371856685e-11
0.,1.379681514969435e-12,1.3616259669071808e-9,-5.829029546723626e-11
0.,1.4898576242493828e-12,1.4704037169107429e-9,-6.294717239048797e-11
0.,1.6088293094263157e-12,1.5878703512398816e-9,-6.797604835045886e-11
0.,1.7372984354810825e-12,1.714719782880561e-9,-7.340663425916316e-11
0.,1.8760228400430524e-12,1.8517013271469764e-9,-7.927101339627934e-11
0.,2.0258207931272063e-12,1.9996241232451746e-9,-8.560383079065808e-11
0.,2.1875758119605933e-12,2.159361908748427e-9,-9.244249770729799e-11
0.,2.362241858719833e-12,2.3318581745773815e-9,-9.98274124386138e-11
0.,2.5508489519558895e-12,2.5181317314033875e-9,-1.0780219869733966e-10
0.,2.754509224209343e-12,2.7192827197745133e-9,-1.1641396304286081e-10
0.,2.9744234615449082e-12,2.936499099667899e-9,-1.2571357281865085e-10
0.,3.2118881631701327e-12,3.171063657373364e-9,-1.357559563107667e-10
0.,3.4683031622175912e-12,3.424361571319614e-9,-1.4660042676151616e-10
0.,3.745179852437093e-12,3.697888580816276e-9,-1.583110323252168e-10
0.,4.0441500688068514e-12,3.993259806319762e-9,-1.7095693386407305e-10
0.,4.366975673937978e-12,4.312219272598033e-9,-1.846128128188116e-10
0.,4.7155589060267494e-12,4.656650191214968e-9,-1.993593117526945e-10
0.,5.091953549034212e-12,5.028586062452803e-9,-2.1528350989340597e-10
0.,5.498376989951291e-12,5.4302226620853365e-9,-2.3247943669542268e-10
0.,5.9372232341944605e-12,5.86393098345023e-9,-2.510486261331082e-10
0.,6.41107695292932e-12,6.332271210727214e-9,-2.7110071543368186e-10
0.,6.922728647175541e-12,6.838007805719504e-9,-2.927540914227448e-10
0.,7.475191014452827e-12,7.384125796486838e-9,-3.1613658834251013e-10
0.,8.071716614116962e-12,7.973848363668221e-9,-3.4138624128548504e-10
0.,8.715816934625146e-12,8.61065582759744e-9,-3.686520998028853e-10
0.,9.411282971913225e-12,9.2983061478226e-9,-3.9809510611081264e-10
0.,1.0162207441239778e-11,1.0040857055001545e-8,-4.2988904353542724e-10
0.,1.0973008747800215e-11,1.084268994535341e-8,-4.6422156027629316e-10
0.,1.1848456858560344e-11,1.1708535677518406e-8,-5.012952747657055e-10
0.,1.2793701223795879e-11,1.2643502423281265e-8,-5.413289692190871e-10
0.,1.3814300908911823e-11,1.36531057351177e-8,-5.845588781886552e-10
0.,1.4916257114718483e-11,1.4743301007310811e-8,-6.31240079510243e-10
0.,1.6106048269486415e-11,1.5920518519762607e-8,-6.816479962124411e-10
0.,1.7390667900850492e-11,1.7191701271264118e-8,-7.360800181149607e-10
0.,1.8777665501752497e-11,1.8564345821945225e-8,-7.948572520077559e-10
0.,2.0275190629821217e-11,2.0046546385525105e-8,-8.583264119243554e-10
0.,2.1892040493395186e-11,2.1647042428278422e-8,-9.268618589771937e-10
0.,2.3637711298775726e-11,2.3375270053582897e-8,-1.0008678042228499e-9
0.,2.5522453654242667e-11,2.524141747238292e-8,-1.0807806863837368e-9
0.,2.755733234872636e-11,2.725648488381119e-8,-1.167071738870368e-9
0.,2.97542908538295e-11,2.9432349115670995e-8,-1.260249760896158e-9
0.,3.212622091212873e-11,3.1781833402473365e-8,-1.3608641093137564e-9
0.,3.46870376193112e-11,3.4318782708317407e-8,-1.4695079276160701e-9
0.,3.74517604246058e-11,3.705814503421215e-8,-1.5868216325364883e-9
0.,4.043660051703967e-11,4.001605918392361e-8,-1.713496677294283e-9
0.,4.365905509764335e-11,4.3209949500435166e-8,-1.8502796138506563e-9
0.,4.713800907391782e-11,4.665862812477417e-8,-1.997976478464852e-9
0.,5.089384476610046e-11,5.038240537294316e-8,-2.15745752517216e-9
0.,5.494856023363389e-11,5.440320887435988e-8,-2.329662335304195e-9
0.,5.932589691789897e-11,5.87447121633585e-8,-2.5156053336571374e-9
0.,6.405147731548625e-11,6.343247347407459e-8,-2.716381741107769e-9
0.,6.91529534621518e-11,6.849408554399355e-8,-2.9331740016167466e-9
0.,7.466016708207248e-11,7.395933729691847e-8,-3.167258717690409e-9
0.,8.060532229723067e-11,7.986038834460685e-8,-3.4200141375223197e-9
0.,8.702317189243785e-11,8.623195731922863e-8,-3.6929282351428695e-9
0.,9.395121816532041e-11,9.31115251310038e-8,-3.987607432590885e-9
0.,1.0142992952469561e-10,1.0053955432594612e-7,-4.305786012442295e-9
0.,1.0950297403141404e-10,1.0855972581703224e-7,-4.649336277858263e-9
0.,1.1821747121706848e-10,1.1721919436011753e-7,-5.020279517166069e-9
0.,1.2762426358697083e-10,1.2656886424876747e-7,-5.4207978375971615e-9
0.,1.377782093268305e-10,1.3666368682641652e-7,-5.8532469361489885e-9
0.,1.487384978627693e-10,1.4756298153222857e-7,-6.320169882623577e-9
0.,1.605689900485143e-10,1.593307823337012e-7,-6.8243119931704716e-9
0.,1.7333858483424021e-10,1.7203621154708867e-7,-7.368636881842817e-9
0.,1.8712161452512115e-10,1.8575388319623528e-7,-7.95634378155746e-9
0.,2.019982707884334e-10,2.0056433823809927e-7,-8.590886235738041e-9
0.,2.180550637563763e-10,2.1655451415404354e-7,-9.275992268060134e-9
0.,2.3538531682394e-10,2.3381825161135883e-7,-1.0015686146872123e-8
0.,2.540896998182334e-10,2.5245684110308137e-7,-1.0814311868499723e-8
0.,2.742768035246907e-10,2.725796127016131e-7,-1.1676558496805692e-8
0.,2.9606375869729136e-10,2.9430457231411163e-7,-1.2607487504593838e-8
0.,3.19576902961394e-10,3.1775908807456006e-7,-1.36125622697232e-8
0.,3.4495249929519254e-10,3.4308063080720946e-7,-1.469767990332771e-8
0.,3.723375099104143e-10,3.70417572791857e-7,-1.5869205585911106e-8
0.,4.0189042991208073e-10,3.99930049388317e-7,-1.71340096096713e-8
0.,4.3378218507878124e-10,4.317908884408313e-7,-1.849950734411229e-8
0.,4.681970987784563e-10,4.66186612748155e-7,-1.9973702343893307e-8
0.,5.053339331599169e-10,5.033185213103752e-7,-2.1565232857811054e-8
0.,5.454070102061148e-10,5.43403855492695e-7,-2.328342199241776e-8
0.,5.886474187880425e-10,5.866770567239396e-7,-2.5138331824517918e-8
0.,6.353043139746837e-10,6.333911228617234e-7,-2.714082176730172e-8
0.,6.856463157352055e-10,6.838190708949251e-7,-2.9302611522896076e-8
0.,7.399630143067632e-10,7.382555142563057e-7,-3.163634898046429e-8
0.,7.985665902615241e-10,7.970183636417148e-7,-3.415568344220629e-8
0.,8.617935578160162e-10,8.604506609233307e-7,-3.6875344594664644e-8
0.,9.300066404676796e-10,9.289225564726987e-7,-3.981122767179922e-8
0.,1.0035967888821718e-9,1.0028334409960111e-6,-4.298048529029837e-8
0.,1.082985351440867e-9,1.0826142438440375e-6,-4.64016264787406e-8
0.,1.1686264086542974e-9,1.1687299106543342e-6,-5.009462345328889e-8
0.,1.2610092837458552e-9,1.261682074168613e-6,-5.4081026743626875e-8
0.,1.360661241841806e-9,1.36201193312885e-6,-5.838408931726771e-8
0.,1.4681503920716962e-9,1.4703033552660735e-6,-6.30289003966988e-8
0.,1.5840888068759472e-9,1.5871862216271173e-6,-6.804252971514564e-8
0.,1.709135874645317e-9,1.7133400307769066e-6,-7.345418302588703e-8
0.,1.844001902273463e-9,1.8494977828130835e-6,-7.929536972207704e-8
0.,1.989451985759125e-9,1.996450164630826e-6,-8.560008350762597e-8
0.,2.146310168156233e-9,2.1550500594921297e-6,-9.240499711683752e-8
0.,2.3154639050380963e-9,2.326217405662733e-6,-9.974967217432252e-8
0.,2.4978688599964606e-9,2.5109444307585193e-6,-1.0767678533440879e-7
0.,2.6945540527554416e-9,2.710301290404576e-6,-1.1623237197387955e-7
0.,2.9066273854333183e-9,2.9254421419551117e-6,-1.2546608876280674e-7
0.,3.1352815732251616e-9,3.157611686292408e-6,-1.354314965553609e-7
0.,3.38180050737746e-9,3.4081522131862e-6,-1.4618636517374727e-7
0.,3.647566081218348e-9,3.6785111882845717e-6,-1.5779300171220896e-7
0.,3.934065510878519e-9,3.970249422645539e-6,-1.703186041933304e-7
0.,4.24289918382311e-9,4.285049868682442e-6,-1.8383564246755494e-7
0.,4.57578907323458e-9,4.624727089646836e-6,-1.9842226844303706e-7
0.,4.9345877542295425e-9,4.991237453173874e-6,-2.1416275784733875e-7
0.,5.321288064181476e-9,5.386690103099401e-6,-2.311479859087927e-7
0.,5.73803344983979e-9,5.813358767715426e-6,-2.4947593952304234e-7
0.,6.1871290456529475e-9,6.2736944667630714e-6,-2.6925226862927203e-7
0.,6.671053534086721e-9,6.770339184008749e-6,-2.9059087975027925e-7
0.,7.192471835560098e-9,7.3061405769910294e-6,-3.1361457485742237e-7
0.,7.754248685042084e-9,7.884167800640397e-6,-3.3845573893349063e-7
0.,8.359463149727206e-9,8.507728526957052e-6,-3.652570798660311e-7
0.,9.011424149256549e-9,9.180387248673952e-6,-3.9417242458092854e-7
0.,9.71368704074851e-9,9.905984961058521e-6,-4.2536757555305417e-7
0.,1.0470071334389592e-8,0.000010688660322625323,-4.5902123218825584e-7
0.,1.1284679610930823e-8,0.000011532872402464804,-4.953259818530421e-7
0.,1.216191771146431e-8,0.000012443425129453936,-5.34489365658366e-7
0.,1.3106516279134441e-8,0.00001342549356645104,-5.767350245016226e-7
0.,1.4123553727953741e-8,0.000014484652141091751,-6.2230393123123e-7
0.,1.521848072767775e-8,0.00001562690497369238,-6.71455715184509e-7
0.,1.6397146286099706e-8,0.00001685871845228493,-7.244700858384267e-7
0.,1.766582552223719e-8,0.000018187056214876518,-7.816483627090838e-7
0.,1.9031249221654123e-8,0.00001961941670967012,-8.433151192181461e-7
0.,2.0500635273320428e-8,0.000021163873515285126,-9.098199486231116e-7
0.,2.2081722083189117e-8,0.00002282911861491278,-9.815393608469075e-7
0.,2.378280406984267e-8,0.00002462450883100539,-1.0588788194290333e-6
0.,2.5612769348370263e-8,0.000026560115640292253,-1.1422749286166353e-6
0.,2.7581139704004997e-8,0.0000286467786030669,-1.2321977811448165e-6
0.,2.9698112970011558e-8,0.00003089616265530521,-1.3291534780234104e-6
0.,3.1974607914650076e-8,0.000033320819527752714,-1.4336868323573249e-6
0.,3.442231175384e-8,0.00003593425357249465,-1.5463842699590657e-6
0.,3.7053730392152646e-8,0.000038750992294374666,-1.667876940427716e-6
0.,3.988224150615963e-8,0.0000417866619027292,-1.7988440531132069e-6
0.,4.2922150579000396e-8,0.00004505806821752941,-1.940016453379043e-6
0.,4.618874998352348e-8,0.000048583283283406876,-2.092180455459215e-6
0.,4.9698381221863266e-8,0.00005238173806545081,-2.2561819492331794e-6
0.,5.346850040755553e-8,0.00005647432162167051,-2.4329307992661158e-6
0.,5.7517747084152526e-8,0.00006088348716892608,-2.6234055555737014e-6
0.,6.186601644658222e-8,0.00006563336548157735,-2.8286584966492083e-6
0.,6.653453504096725e-8,0.00007074988608542675,-3.0498210265318984e-6
0.,7.1545939983545e-8,0.00007626090673355066,-3.2881094488761695e-6
0.,7.692436174119592e-8,0.00008219635167468189,-3.544831142252879e-6
0.,8.269551047425667e-8,0.00008858835925018347,-3.821391162266592e-6
0.,8.888676594385976e-8,0.00009547143938059494,-4.1192992973268395e-6
0.,9.552727093307611e-8,0.00010288264152829921,-4.440177606419898e-6
0.,1.0264802812311731e-7,0.00011086173374856745,-4.785768468539707e-6
0.,1.1028200030991803e-7,0.0001194513934665083,-5.157943174910146e-6
0.,1.1846421380910833e-7,0.00012869741064265946,-5.558711096600761e-6
0.,1.272318648565188e-7,0.00013864890401454777,-5.990229461674766e-6
0.,1.3662442876123733e-7,0.00014935855112508764,-6.454813777293533e-6
0.,1.4668377147962559e-7,0.0001608828328712414,-6.954948933846295e-6
0.,1.5745426323656643e-7,0.0001732822933272362,-7.493301029626069e-6
0.,1.6898289374896247e-7,0.00018662181561521904,-8.07272995577736e-6
0.,1.8131938848121407e-7,0.00020097091461286444,-8.69630278283517e-6
0.,1.9451632530002397e-7,0.00021640404730025953,-9.367307991313519e-6
0.,2.0862925079824625e-7,0.00023300094155791714,-0.000010089270589921517
0.,2.2371679538872262e-7,0.0002508469442327652,-0.00001086596816638731
0.,2.398407861862098e-7,0.000270033389288304,-0.000011701447916092361
0.,2.570663565575282e-7,0.0002906579868487322,-0.00001260004469530665
0.,2.7546205098584236e-7,0.0003128252339328199,-0.000013566400145553053
0.,2.9509992383300224e-7,0.0003366468476511142,-0.000014605482936172765
0.,3.16055630331596e-7,0.000362242221607992,-0.000015722610172124777
0.,3.3840850788917507e-7,0.00038973890620747813,-0.000016923470013399996
0.,3.6224164570561585e-7,0.0004192731135052332,-0.00001821414555163193
0.,3.8764194033002526e-7,0.0004509902471804866,-0.00001960113998781029
0.,4.1470013456630763e-7,0.00048504545811385385,-0.000021091403153661393
0.,4.4351083691423087e-7,0.0005216042259536589,-0.000022692359415758842
0.,4.741725183958927e-7,0.0005608429669276249,-0.000024411936998350875
0.,5.067874832375953e-7,0.0006029496680080275,-0.000026258598757219033
0.,5.414618097414771e-7,0.0006481245473653281,-0.000028241374430272804
0.,5.783052571312545e-7,0.0006965807408407012,-0.000030369894385732992
0.,6.17431133850436e-7,0.0007485450139340537,-0.00003265442487983097
0.,6.589561225526558e-7,0.0008042584985329902,-0.000035105904828205204
0.,7.030000564251221e-7,0.0008639774532976967,-0.00003773598408335124
0.,7.496856412402111e-7,0.0009279740462648769,-0.000040557063199345407
0.,7.991381169940134e-7,0.0009965371578311078,-0.00004358233465015455
0.,8.514848528860502e-7,0.001069973201824897,-0.00004682582545196975
0.,9.068548684522613e-7,0.0011486069618651003,-0.00005030244112063769
0.,9.653782739748097e-7,0.0012327824396313632,-0.000054028010874804975
0.,1.0271856222111592e-6,0.001322863711032609,-0.00005801933397089991
0.,1.092407163769653e-6,0.00141923578554567,-0.00006229422702815842
0.,1.161171997783283e-6,0.0015223054632034884,-0.00006687157217209637
0.,1.2336071093360332e-6,0.0016325021828349387,-0.00007177136579013504
0.,1.3098362850580516e-6,0.0017502788541887227,-0.00007701476765329066
0.,1.3899788983219044e-6,0.0018761126655062273,-0.00008262415011722677
0.,1.4741485547397545e-6,0.002010505856938587,-0.0000886231470652287
0.,1.562451590160826e-6,0.002153986448920497,-0.000095036702205316
0.,1.6549854121837181e-6,0.002307108913217747,-0.00010189111627366771
0.,1.7518366777231572e-6,0.002470454772846262,-0.00010921409263207591
0.,1.8530792994156864e-6,0.0026446331154154545,-0.00011703478067775373
0.,1.9587722745167276e-6,0.0028302810026732,-0.00012538381640430176
0.,2.0689573313183242e-6,0.0030280637571200144,-0.00013429335937052762
0.,2.1836563894453014e-6,0.0032386751045146954,-0.00014379712523966516
0.,2.302868832574957e-6,0.003462837148909835,-0.0001539304129531076
0.,2.4265685938356735e-6,0.0037013001545417395,-0.00016473012549584844
0.,2.554701057013919e-6,0.003954842106446779,-0.00017623478309203026
0.,2.6871797808162045e-6,0.004224268019107328,-0.00018848452754972937
0.,2.823883055195742e-6,0.004510408959740923,-0.0002015211163352655
0.,2.964650305283354e-6,0.004814120750059085,-0.0002153879048223069
0.,3.1092783615846177e-6,0.005136282307454265,-0.00023012981500762238
0.,3.257517621874679e-6,0.005477793583645222,-0.00024579328883065396
0.,3.4090681364005616e-6,0.005839573055858697,-0.00026242622406880194
0.,3.563575654528708e-6,0.006222554722682169,-0.0002800778906106886
0.,3.7206276790806445e-6,0.006627684553835446,-0.0002987988247329445
0.,3.879749584698699e-6,0.007055916340336013,-0.0003186406988269403
0.,4.040400863022527e-6,0.0075082068889351684,-0.00033965616383961985
0.,4.201971571251435e-6,0.00798551050236329,-0.00036189866151138347
0.,4.363779068730388e-6,0.008488772684924555,-0.0003854222033149779
0.,4.525065140095435e-6,0.009018923011444229,-0.000410281112826894
0.,4.684993614277558e-6,0.009576867096599597,-0.00043652972810032077
0.,4.842648601869116e-6,0.010163477601409074,-0.0004642220604609861
0.,4.997033486676949e-6,0.0107795842142757,-0.0004934114060213522
0.,5.1470708191264675e-6,0.011425962545639615,-0.0005241499061064969
0.,5.291603274800342e-6,0.012103321878216512,-0.0005564880527203943
0.,5.4293958469923995e-6,0.012812291719186596,-0.0005904741351567735
0.,5.559139462621362e-6,0.013553407106815255,-0.0006261536238889996
0.,5.679456210025861e-6,0.014327092632088197,-0.00066356848796338
0.,5.788906383828068e-6,0.015133645146349562,-0.0007027564422900382
0.,5.885997547403134e-6,0.01597321513893656,-0.0007437501214828542
0.,5.969195822788224e-6,0.01684578678477408,-0.0007865761772593658
0.,6.036939607466168e-6,0.01775115668118334,-0.0008312542968970908
0.,6.0876559108797315e-6,0.018688911316154116,-0.0008777961408670968
0.,6.1197794899346795e-6,0.019658403337430217,-0.0009262041985451185
0.,6.131774934391336e-6,0.020658726723364374,-0.0009764705618694627
0.,6.122161825437816e-6,0.021688690993020742,-0.0010285756179816692
0.,6.089543047223355e-6,0.022746794634828368,-0.0010824866632846062
0.,6.032636278874548e-6,0.023831197980585063,-0.0011381564430048496
0.,5.950308624758987e-6,0.024939695805125985,-0.001195521622275082
0.,5.841614271526679e-6,0.02606968999174278,-0.0012545011969912062
0.,5.705834955854947e-6,0.027218162669700025,-0.001314994855262612
0.,5.542522932582646e-6,0.028381650302982953,-0.0013768813031969787
0.,5.3515459962824015e-6,0.029556219288700707,-0.001440016572060465
0.,5.133133982721616e-6,0.03073744370910268,-0.0015042323275417868
0.,4.8879260251316155e-6,0.03192038597248919,-0.0015693342059554972
0.,4.617017666898832e-6,0.03309958117469461,-0.0016351002067331833
0.,4.322006768703997e-6,0.03426902611322967,-0.0017012791754796343
0.,4.005036961888888e-6,0.03542217398917853,-0.0017675894172138318
0.,3.6688372154488257e-6,0.036551935935667725,-0.0018337174851026782
0.,3.316755909362138e-6,0.03765069061379308,-0.0018993171960640196
0.,2.9527876276108806e-6,0.03871030321431544,-0.001964008930901738
0.,2.5815907446223827e-6,0.03972215529259675,-0.002027379283156325
0.,2.208493745166126e-6,0.04067718694078943,-0.002088981127413147
0.,1.8394881563432473e-6,0.041565952860023035,-0.0021483341843160403
0.,1.4812059179332925e-6,0.04237869393022166,-0.0022049261657735683
0.,1.1408790965637239e-6,0.04310542587928525,-0.002258214589612007
0.,8.262799450316597e-7,0.04373604661872377,-0.0023076293579460043
0.,5.456395734756971e-7,0.044260463730586425,-0.0023525761974774076
0.,3.075438212291136e-7,0.044668743450799464,-0.0023924410624392577
0.,1.2080543111138317e-7,0.04495128228613012,-0.0024265956015115096
0.,-5.6877566964711925e-9,0.04509900211438018,-0.0024544037882787313
0.,-6.314807566584805e-8,0.04510356923805611,-0.0024752298100907105
0.,-4.308528428443482e-8,0.04495763737821621,-0.0024884473019397444
0.,6.247679038256754e-8,0.04465511399514834,-0.0024934499994527927
0.,2.6076809473433637e-7,0.04419144859412875,-0.002489663867647249
0.,5.580299669921182e-7,0.04356394080709142,-0.0024765607388801685
0.,9.592693230935015e-7,0.04277206502577402,-0.002453673463696641
0.,1.4680177835345724e-6,0.04181780719283726,-0.002420612541219557
0.,2.086105662761989e-6,0.040706008032478036,-0.0023770841505809668
0.,2.813462203393137e-6,0.03944470552430083,-0.0023229094509685934
0.,3.6479547075237994e-6,0.03804546780341487,-0.0022580449545709542
0.,4.585280149381657e-6,0.03652370592394144,-0.0021826037036447544
0.,5.618923345247266e-6,0.03489895408048204,-0.0020968768999372386
0.,6.7401956087889794e-6,0.03319510298274346,-0.002001355541938737
0.,7.938366908450341e-6,0.03144057017656252,-0.0018967515234766938
0.,9.200902665183138e-6,0.029668389270075406,-0.001784017537135301
0.,0.000010513813351455613,0.027916198344559728,-0.0016643650095922984
0.,0.00001186212081869309,0.026226106412693007,-0.0015392791757410096
0.,0.000013230439701244086,0.024644415760194105,-0.001410530277793183
0.,0.000014603665270239038,0.023221177518441913,-0.0012801797588528213
0.,0.00001596775077907943,0.02200955803444567,-0.001150580213256646
0.,0.000017310547786479997,0.021064994717705933,-0.001024367765076892
0.,0.00001862267242436943,0.020444122253480523,-0.0009044454796972927
0.,0.000019898349498809093,0.020203453590919424,-0.0007939563807161389
0.,0.000021136175240392397,0.02039780515674231,-0.0006962446563991388
0.,0.000022339729190891856,0.02107846251639307,-0.0006148037084435986
0.,0.000023517957033570003,0.022291091388759395,-0.0005532098339192502
0.,0.000024685240208104396,0.024073409662393904,-0.0005150405525455061
0.,0.00002586106607956011,0.02645264894604048,-0.0005037769097796054
0.,0.00002706921550929583,0.029442849215979106,-0.0005226895148512956
0.,0.000028336394145314217,0.033042047188319185,-0.0005747086238867625
0.,0.00002969025074434223,0.03722943789651476,-0.0006622792611755894
0.,0.00003115675125511297,0.041962609171846695,-0.0007872031922625996
0.,0.00003275691175121799,0.047174969683360546,-0.0009504705214362194
0.,0.00003450293658858108,0.0527735120379334,-0.0011520847768156106
0.,0.000036393859674949556,0.05863707205965245,-0.0013908865531157737
0.,0.00003841084494668664,0.06461526237932863,-0.0016643820787611877
0.,0.0000405123645878053,0.07052827121702429,-0.001968584420675714
0.,0.000042629536747860664,0.07616772382532185,-0.0022978763820898406
0.,0.00004466196411027911,0.08129880235670264,-0.002644905414628524
0.,0.00004647446538173291,0.08566380765817302,-0.0030005219664787923
0.,0.000047895127759159014,0.08898732137365126,-0.003353773516043998
0.,0.00004871512356426715,0.09098308654751279,-0.0036919669702414884
0.,0.00004869072257594964,0.09136266776054082,-0.00400081199833938
0.,0.000047547887930853034,0.08984587630376507,-0.004264657074766876
0.,0.000044989763845344864,0.08617285141091664,-0.004466828361802682
0.,0.00004070724575606149,0.08011757562808176,-0.00459007892384483
0.,0.00003439266790592853,0.07150247292176345,-0.004617151993696247
0.,0.00002575645266899985,0.06021359577839629,-0.0045314570037115
0.,0.000014546345320566971,0.046215758028440426,-0.0043178507955537685
0.,5.6861524539693e-7,0.029566821394906833,-0.003963508846370984
0.,-0.000016289650499149737,0.01043020615075438,-0.003458862603685111
0.,-0.00003603829161599712,-0.010915417574262586,-0.002798569329821744
0.,-0.00005856323267609957,-0.034070376662120774,-0.0019824705823456136
0.,-0.00008360865202682931,-0.05851331954497101,-0.0010164851225437795
0.,-0.00011076394210801501,-0.08360670702098419,0.00008662765364738692
0.,-0.00013945737092660356,-0.108609419229299,0.0013067058526051104
0.,-0.0001689584082638185,-0.13269718799039285,0.002615902502911588
0.,-0.00019839063056797712,-0.1549912110899839,0.003978761846334662
0.,-0.00022675692700192823,-0.17459483682051002,0.005352730922413767
0.,-0.0002529783450605719,-0.1906376281959933,0.0066891733587617136
0.,-0.0002759472758251169,-0.2023254427388731,0.007934935206267838
0.,-0.00029459471832162166,-0.20899442466900134,0.009034487034684496
0.,-0.00030797001890111073,-0.21016604525836818,0.00993263174399157
0.,-0.00031532972200372974,-0.20559960254786802,0.010577723670258096
0.,-0.0003162300178589085,-0.19533797608786474,0.010925292418800279
0.,-0.0003106148488957016,-0.17974200977163887,0.010941906343808877
0.,-0.0002988892875535655,-0.15950875672520112,0.01060904887545417
0.,-0.00028196572663682863,-0.1356690547527859,0.009926720554768752
0.,-0.0002612692881985207,-0.10956058943998372,0.00891642673870506
0.,-0.00023868933386787092,-0.08277380396818068,0.007623172955212701
0.,-0.00021646674556257707,-0.057069755201130556,0.006116075427187145
0.,-0.00019701230172037502,-0.03427127228177373,0.00448721255786428
0.,-0.00018266021190164693,-0.01613146409000705,0.0028484031681087997
0.,-0.00017537231351582967,-0.004186592117300153,0.001325706597563175
0.,-0.00017642139791961532,0.0003966540063010077,0.00005160313545638856
0.,-0.00018609453132381802,-0.003033325417979772,-0.0008449693306423211
0.,-0.00020346616850262363,-0.014489675510633562,-0.0012502816402421581
0.,-0.00022629298975754533,-0.033261931224562315,-0.001078444483059144
0.,-0.0002510746557444587,-0.05788478203068089,-0.00028396132399260624
0.,-0.0002733052447214973,-0.08617429462097927,0.001127116548441303
0.,-0.00028790951311726627,-0.11534085770392492,0.0030889556204408146
0.,-0.00028982002187637776,-0.1421816456747145,0.005472226002369605
0.,-0.00027461283174482295,-0.16334689859987384,0.00808640292556088
0.,-0.00023909092939887144,-0.17566427354419548,0.010689244985451455
0.,-0.00018169666111617446,-0.17649480719351984,0.013004013089168627
0.,-0.0001026557043987067,-0.16408391181064835,0.01474413022149615
0.,-3.8077774814047616e-6,-0.13786293609007222,0.015643889836341435
0.,0.00011184388501251467,-0.09865303239890773,0.015492591686110382
0.,0.00024074933822254747,-0.04872528253825879,0.014168269895292821
0.,0.0003794175894279497,0.008319148244884302,0.011666187986926339
0.,0.0005248199393487394,0.06786674036806035,0.008116759821082073
0.,0.0006744542512972563,0.12479861632281422,0.0037877740225087954
0.,0.0008260550046559838,0.17414539069371746,-0.0009330270251729962
0.,0.0009770932220732518,0.2118132957847104,-0.005576716559858434
0.,0.0011243499692097393,0.23527337959178704,-0.009651740744251952
0.,0.001263896049526518,0.24408497570241322,-0.012716712537317267
0.,0.0013917106042011173,0.2401231409209077,-0.014457732259421565
0.,0.0015049102829861928,0.22740434143661067,-0.014757014381139565
0.,0.0016031980055938473,0.2114590926560172,-0.013737723879321258
0.,0.0016898101323353965,0.19828265549591126,-0.01177067393192063
0.,0.001771118769967335,0.19299579631990268,-0.009432658953891067
0.,0.0018542812366655404,0.19844915592993664,-0.007413909067504604
0.,0.001942960726270247,0.2140818944463514,-0.00638285724118575
0.,0.0020320379872778333,0.23536967620500263,-0.006828518227737104
0.,0.0021030881898821555,0.2541438975087837,-0.00891172448767697
0.,0.0021228185980780643,0.25992073618679334,-0.012363018054657659
0.,0.002046329361594038,0.24215363071600182,-0.016463903237126952
0.,0.0018258847351505687,0.19305190434934602,-0.020137073193914865
0.,0.001424103120983324,0.11035424949834621,-0.02214975218023473
0.,0.0008286069344059724,-0.0007106225409456772,-0.02140494690710477
0.,0.00006383540243478957,-0.12702328639168123,-0.01726396279370169
0.,-0.0008045760547144391,-0.2492310940226198,-0.009818605362595005
0.,-0.0016764349448026958,-0.3454895433325385,-0.000022839978217709644
0.,-0.002435871033329034,-0.39669692125745704,0.010390395327695248
0.,-0.002980108988092094,-0.39202647857111045,0.01923761892113695
0.,-0.0032514604516821794,-0.33316868603126576,0.024421530919639483
0.,-0.0032618665796563073,-0.23571210963353603,0.024562507619547033
0.,-0.0030976912056624615,-0.12662874146892553,0.01954823738689896
0.,-0.002895793112680404,-0.037852913361023685,0.010801789022618602
0.,-0.0027917727696804857,0.0027678864648995774,0.001107459389496942
0.,-0.002855871508613927,-0.019300387766488902,-0.006057565159371071
0.,-0.003044647119350427,-0.09892680420308837,-0.007575532123418377
0.,-0.00319769891348195,-0.21054722694529845,-0.0018419222354074992
0.,-0.0030920064155356666,-0.31426853875631816,0.010379902265994945
0.,-0.0025360495851845357,-0.3678868200826578,0.025800593681469395
0.,-0.00145859917034123,-0.34143115673849556,0.03937412370592085
0.,0.00005616611407798479,-0.22915267099375317,0.045908776599960656
0.,0.0018063797660432736,-0.05383229616785541,0.0420541743405379
0.,0.003557056621416634,0.13961558566461624,0.027906668895643943
0.,0.005118514544863755,0.3002933877176535,0.007441048320167542
0.,0.006380785881712209,0.39168002374333855,-0.012690901037207887
0.,0.007310304236762709,0.40745281616093637,-0.025790863041947824
0.,0.007942783490210346,0.37428459772097283,-0.028201828574389222
0.,0.008383202162253392,0.33788563335820115,-0.021385657326293207
0.,0.008772967274209705,0.3367435355824392,-0.011670428584507167
0.,0.009176160198414638,0.37612019072657815,-0.00728355996110201
0.,0.00941464329952402,0.41801233856030084,-0.013738500985470484
0.,0.008991478668372443,0.3972478541434992,-0.029911383736499614
0.,0.007258103585396465,0.2601332191654921,-0.047371937254864334
0.,0.0038308842735874688,0.006285809646416629,-0.05420701466919334
0.,-0.0009712946582654758,-0.2934921270302104,-0.042022422394144006
0.,-0.006022686073554674,-0.5220253108363195,-0.012323639389419602
0.,-0.009843560124597191,-0.5778818584208874,0.022197845929125732
0.,-0.01146403868225396,-0.4418683938020279,0.04369855962912522
0.,-0.011141948302616896,-0.2031002703554966,0.04020621659591964
0.,-0.01026187677266333,-0.017262405115748482,0.015009235311369279
0.,-0.01022099120350779,-0.01194920209049718,-0.012890442731098567
0.,-0.011048956259118402,-0.1960256485794989,-0.01985619302517892
0.,-0.011080736228512644,-0.439382602639941,0.00539575881585033
0.,-0.008276240708171264,-0.5502439856650506,0.05077331341004531
0.,-0.0021007902063290766,-0.4077061777702773,0.08601147721767166
0.,0.005897438917662293,-0.05575774523904436,0.08357156513414916
0.,0.013331502386998347,0.32106853739772906,0.041105774387477555
0.,0.018614448212519695,0.5355645566217928,-0.013667693865395673
0.,0.0215457104142291,0.5445523214184199,-0.043659662245597586
0.,0.022960800459936617,0.47262829579478954,-0.03457445032347599
0.,0.024009678757180658,0.47445396304712045,-0.009770488874481072
0.,0.024837890217937815,0.5534216177240073,-0.009382779616470799
0.,0.023202814256971543,0.528159871463186,-0.04808780738546488
0.,0.015437006515146044,0.2203579379285013,-0.09282430118035137
0.,0.0006661300938809884,-0.30107348838702525,-0.09043850804480526
0.,-0.015863630086509237,-0.7007826424186446,-0.025772842207137533
0.,-0.02592526785834897,-0.6743538444352521,0.050860268367891405
0.,-0.026636874872122913,-0.29202509070171373,0.06812069486219745
0.,-0.02410308836494336,0.014575848046039447,0.014074498200429216
0.,-0.025220935285098202,-0.10998459306235506,-0.03880667487199468
0.,-0.026688432521518056,-0.5255905299369663,-0.00961401128244805
0.,-0.01821424727180752,-0.7096802122082745,0.08840863108946517
0.,0.0025396271149985285,-0.3446815144119572,0.14806918105237413
0.,0.02563645565724637,0.2948097068819561,0.093227892590775
0.,0.04081544483914701,0.6703757624000515,-0.01816149094780241
0.,0.0468781204272933,0.6441334876970322,-0.06230381393259128
0.,0.04916371010934834,0.5770890135725312,-0.019229121622297986
0.,0.05083467924206863,0.6796553611364461,-0.004167298730649813
0.,0.04416479451276158,0.5883053434292129,-0.08693193705048277
0.,0.016767118907710137,-0.0451690037257781,-0.1571956299623252
0.,-0.024353461564889465,-0.7713096495330881,-0.07842717878688489
0.,-0.05023695511599983,-0.7865435312785095,0.07123249713679332
0.,-0.049335231107443915,-0.18542140908633312,0.08458305168170581
0.,-0.0461629390801158,0.024884150531526122,-0.034675328092914716
0.,-0.0518123514022657,-0.5176442577405637,-0.04408785123612743
0.,-0.03552607370866762,-0.8528945856663196,0.1274878992128496
0.,0.014705923759086437,-0.23384259589757167,0.2146694878469381
0.,0.0626119191526846,0.6156007648747691,0.062371823749081054
0.,0.08235046259528003,0.7870653597636141,-0.0798206307525804
0.,0.0868242726729725,0.6781148796265486,-0.02336395278079926
0.,0.08853799840098296,0.8028159256900433,-0.008523144147859638
0.,0.061170171595499215,0.4492058524973084,-0.17414735731169728
0.,-0.015397414401267826,-0.6181152920828412,-0.18613925787918764
0.,-0.08075347667737882,-0.9621529686134114,0.06026360387555364
0.,-0.08216697365398612,-0.17081098184034865,0.113204866301838
0.,-0.07878168936902834,-0.026443061466370092,-0.08035698881562783
0.,-0.08522262356600267,-0.8525249225477407,0.011473190055595798
0.,-0.01668885723320811,-0.6742617260821258,0.2852915582400178
0.,0.08833090081656485,0.5162351282452632,0.15088769987198328
0.,0.1319423183590276,0.8793597198520253,-0.09808343729023543
0.,0.13885232372357134,0.77510490184248,-0.0031536465252624836
0.,0.13107546121236086,0.8606526238201835,-0.0648400891578379
0.,0.032938900626037035,-0.12018090328723632,-0.2944150667437645
0.,-0.1061659421989473,-1.1155573450442893,-0.02910520909409947
0.,-0.127938855739268,-0.2747285668085225,0.16678392727168176
0.,-0.11995093707808878,-0.013011032453856992,-0.11935099388085893
0.,-0.12977784920328278,-1.0385720687005455,0.07803485418421306
0.,0.017689487369511345,-0.32101314161741373,0.37580520316301586
0.,0.17542089563056887,0.8996455428577381,-0.00898617883270555
0.,0.20026814145992558,0.838049188794333,-0.058669968168771805
0.,0.19881545418816207,0.9470132620240821,-0.019351868249172236
0.,0.031946072247457165,-0.10343855279105862,-0.3722862117406908
0.,-0.18686930299229612,-1.1469066144687812,0.021761821626658785
0.,-0.16851225487447777,0.04745491066765062,0.14211150840734282
0.,-0.18598122068947928,-0.4324954631977494,-0.17795828164295416
0.,-0.08091603471348761,-0.9690300710870132,0.3584643545828831
0.,0.1933982756349265,0.6711057599925279,0.1549860611376878
